Run ID:,707
Run Name:,HgBroad
Time:,10/02/2022 14:33
Gain (*10^6V/A):,5
ADC Max (V):,1
Wavelength Offsett (nm):,0
Pulse Delay (microS):,2000
Sample Delay (microS):,1
Number of Samples:,50
,
Wavelength (nm),Voltage (V)
400.05,0.004394531
400.15,0.004638672
400.25,0.004394531
400.35,0.004882813
400.45,0.005126953
400.55,0.004638672
400.65,0.004638672
400.75,0.004882813
400.85,0.004882813
400.95,0.005126953
401.05,0.005859375
401.15,0.006103516
401.25,0.005615234
401.35,0.005615234
401.45,0.005371094
401.55,0.005615234
401.65,0.006591797
401.75,0.007080078
401.85,0.006347656
401.95,0.006103516
402.05,0.006103516
402.15,0.006347656
402.25,0.007080078
402.35,0.007568359
402.45,0.0078125
402.55,0.006347656
402.65,0.006103516
402.75,0.006347656
402.85,0.006103516
402.95,0.006591797
403.05,0.006591797
403.15,0.006103516
403.25,0.005859375
403.35,0.005615234
403.45,0.005126953
403.55,0.005615234
403.65,0.006103516
403.75,0.005615234
403.85,0.005126953
403.95,0.004882813
404.05,0.004882813
404.15,0.004638672
404.25,0.005371094
404.35,0.005371094
404.45,0.004638672
404.55,0.004150391
404.65,0.004638672
404.75,0.004638672
404.85,0.005126953
404.95,0.005615234
405.05,0.005126953
405.15,0.004638672
405.25,0.004882813
405.35,0.004638672
405.45,0.005126953
405.55,0.005615234
405.65,0.005615234
405.75,0.004882813
405.85,0.004882813
405.95,0.004882813
406.05,0.004638672
406.15,0.005615234
406.25,0.005615234
406.35,0.005126953
406.45,0.004638672
406.55,0.004638672
406.65,0.004394531
406.75,0.004882813
406.85,0.005371094
406.95,0.004882813
407.05,0.004638672
407.15,0.004638672
407.25,0.004638672
407.35,0.004882813
407.45,0.005371094
407.55,0.005371094
407.65,0.004882813
407.75,0.004638672
407.85,0.004638672
407.95,0.004638672
408.05,0.004882813
408.15,0.005371094
408.25,0.005126953
408.35,0.004638672
408.45,0.004394531
408.55,0.004638672
408.65,0.004882813
408.75,0.005371094
408.85,0.005126953
408.95,0.004882813
409.05,0.004638672
409.15,0.004394531
409.25,0.004638672
409.35,0.005126953
409.45,0.005615234
409.55,0.005126953
409.65,0.004638672
409.75,0.004394531
409.85,0.004638672
409.95,0.004638672
410.05,0.005371094
410.15,0.005371094
410.25,0.004638672
410.35,0.004394531
410.45,0.004638672
410.55,0.004394531
410.65,0.005126953
410.75,0.005371094
410.85,0.005126953
410.95,0.004394531
411.05,0.004394531
411.15,0.004638672
411.25,0.004882813
411.35,0.005371094
411.45,0.005371094
411.55,0.004394531
411.65,0.004394531
411.75,0.004394531
411.85,0.004638672
411.95,0.005371094
412.05,0.005371094
412.15,0.004638672
412.25,0.004394531
412.35,0.004638672
412.45,0.004394531
412.55,0.004882813
412.65,0.005371094
412.75,0.005615234
412.85,0.004638672
412.95,0.004394531
413.05,0.004394531
413.15,0.004394531
413.25,0.005371094
413.35,0.005126953
413.45,0.004882813
413.55,0.004394531
413.65,0.004394531
413.75,0.004638672
413.85,0.004882813
413.95,0.005371094
414.05,0.005126953
414.15,0.004638672
414.25,0.004394531
414.35,0.004394531
414.45,0.004638672
414.55,0.005371094
414.65,0.005126953
414.75,0.004882813
414.85,0.004638672
414.95,0.004394531
415.05,0.004638672
415.15,0.004882813
415.25,0.005126953
415.35,0.005126953
415.45,0.004638672
415.55,0.004638672
415.65,0.004638672
415.75,0.004394531
415.85,0.005371094
415.95,0.005615234
416.05,0.004882813
416.15,0.004638672
416.25,0.004638672
416.35,0.004394531
416.45,0.004882813
416.55,0.005126953
416.65,0.004638672
416.75,0.004638672
416.85,0.004394531
416.95,0.004638672
417.05,0.004638672
417.15,0.005371094
417.25,0.005126953
417.35,0.004882813
417.45,0.004394531
417.55,0.004638672
417.65,0.004638672
417.75,0.005371094
417.85,0.005371094
417.95,0.004882813
418.05,0.004394531
418.15,0.004638672
418.25,0.004394531
418.35,0.005126953
418.45,0.005371094
418.55,0.005126953
418.65,0.004882813
418.75,0.004394531
418.85,0.004638672
418.95,0.004638672
419.05,0.005371094
419.15,0.005371094
419.25,0.004882813
419.35,0.004638672
419.45,0.004638672
419.55,0.004394531
419.65,0.004882813
419.75,0.005371094
419.85,0.005126953
419.95,0.004638672
420.05,0.004394531
420.15,0.004638672
420.25,0.004150391
420.35,0.005371094
420.45,0.005371094
420.55,0.004882813
420.65,0.004638672
420.75,0.004638672
420.85,0.004394531
420.95,0.004882813
421.05,0.005615234
421.15,0.005126953
421.25,0.004394531
421.35,0.004394531
421.45,0.004882813
421.55,0.004638672
421.65,0.005371094
421.75,0.005371094
421.85,0.004638672
421.95,0.004150391
422.05,0.004638672
422.15,0.004394531
422.25,0.005126953
422.35,0.005371094
422.45,0.004882813
422.55,0.004638672
422.65,0.004394531
422.75,0.004394531
422.85,0.005126953
422.95,0.005371094
423.05,0.005126953
423.15,0.004638672
423.25,0.004394531
423.35,0.004638672
423.45,0.004638672
423.55,0.005371094
423.65,0.004882813
423.75,0.004882813
423.85,0.004638672
423.95,0.004394531
424.05,0.004394531
424.15,0.005126953
424.25,0.005615234
424.35,0.005126953
424.45,0.004394531
424.55,0.004394531
424.65,0.004394531
424.75,0.004638672
424.85,0.005615234
424.95,0.005371094
425.05,0.004882813
425.15,0.004394531
425.25,0.004394531
425.35,0.004882813
425.45,0.005615234
425.55,0.005371094
425.65,0.004882813
425.75,0.004394531
425.85,0.004394531
425.95,0.004394531
426.05,0.004882813
426.15,0.005371094
426.25,0.005371094
426.35,0.004638672
426.45,0.004638672
426.55,0.004394531
426.65,0.004394531
426.75,0.005371094
426.85,0.004882813
426.95,0.004882813
427.05,0.004638672
427.15,0.004638672
427.25,0.004394531
427.35,0.004882813
427.45,0.005371094
427.55,0.004882813
427.65,0.004394531
427.75,0.004394531
427.85,0.004638672
427.95,0.004638672
428.05,0.005371094
428.15,0.005615234
428.25,0.004638672
428.35,0.004394531
428.45,0.004638672
428.55,0.004394531
428.65,0.004882813
428.75,0.005371094
428.85,0.004882813
428.95,0.004638672
429.05,0.004638672
429.15,0.004638672
429.25,0.004882813
429.35,0.005126953
429.45,0.005126953
429.55,0.004882813
429.65,0.004638672
429.75,0.004638672
429.85,0.004638672
429.95,0.005371094
430.05,0.005371094
430.15,0.004882813
430.25,0.004638672
430.35,0.004394531
430.45,0.004394531
430.55,0.004638672
430.65,0.005371094
430.75,0.005126953
430.85,0.004638672
430.95,0.004638672
431.05,0.004638672
431.15,0.004638672
431.25,0.005615234
431.35,0.005371094
431.45,0.004882813
431.55,0.004638672
431.65,0.004638672
431.75,0.004882813
431.85,0.005371094
431.95,0.006103516
432.05,0.005859375
432.15,0.005371094
432.25,0.005859375
432.35,0.006103516
432.45,0.006835938
432.55,0.008056641
432.65,0.008300781
432.75,0.008056641
432.85,0.008056641
432.95,0.008300781
433.05,0.008789063
433.15,0.010009766
433.25,0.01171875
433.35,0.011230469
433.45,0.010498047
433.55,0.010986328
433.65,0.010498047
433.75,0.011230469
433.85,0.012207031
433.95,0.011962891
434.05,0.010742188
434.15,0.010009766
434.25,0.009277344
434.35,0.008789063
434.45,0.009277344
434.55,0.009521484
434.65,0.008056641
434.75,0.007080078
434.85,0.006835938
434.95,0.006103516
435.05,0.006347656
435.15,0.006347656
435.25,0.006103516
435.35,0.005371094
435.45,0.004882813
435.55,0.004394531
435.65,0.004638672
435.75,0.005126953
435.85,0.005371094
435.95,0.004882813
436.05,0.004394531
436.15,0.004638672
436.25,0.004638672
436.35,0.004638672
436.45,0.005615234
436.55,0.005371094
436.65,0.004882813
436.75,0.004638672
436.85,0.004638672
436.95,0.004638672
437.05,0.005126953
437.15,0.005126953
437.25,0.004882813
437.35,0.004150391
437.45,0.004394531
437.55,0.004394531
437.65,0.004882813
437.75,0.005126953
437.85,0.005126953
437.95,0.004638672
438.05,0.004394531
438.15,0.004638672
438.25,0.004638672
438.35,0.005126953
438.45,0.005615234
438.55,0.004882813
438.65,0.004638672
438.75,0.004394531
438.85,0.004638672
438.95,0.004882813
439.05,0.005126953
439.15,0.005126953
439.25,0.004638672
439.35,0.004638672
439.45,0.004638672
439.55,0.004638672
439.65,0.005615234
439.75,0.005371094
439.85,0.004638672
439.95,0.004638672
440.05,0.004638672
440.15,0.004150391
440.25,0.004882813
440.35,0.005615234
440.45,0.005126953
440.55,0.004394531
440.65,0.004394531
440.75,0.004394531
440.85,0.004882813
440.95,0.005371094
441.05,0.005371094
441.15,0.004882813
441.25,0.004638672
441.35,0.004394531
441.45,0.004394531
441.55,0.004882813
441.65,0.005371094
441.75,0.005126953
441.85,0.004638672
441.95,0.004638672
442.05,0.004394531
442.15,0.004638672
442.25,0.005126953
442.35,0.005371094
442.45,0.004882813
442.55,0.004638672
442.65,0.004882813
442.75,0.004638672
442.85,0.004882813
442.95,0.005371094
443.05,0.004882813
443.15,0.004394531
443.25,0.004394531
443.35,0.004394531
443.45,0.004638672
443.55,0.005615234
443.65,0.005126953
443.75,0.004638672
443.85,0.004638672
443.95,0.004638672
444.05,0.004394531
444.15,0.005126953
444.25,0.005371094
444.35,0.005126953
444.45,0.004638672
444.55,0.004638672
444.65,0.004638672
444.75,0.004882813
444.85,0.005371094
444.95,0.005371094
445.05,0.004638672
445.15,0.004638672
445.25,0.004638672
445.35,0.004638672
445.45,0.005615234
445.55,0.005126953
445.65,0.004882813
445.75,0.004638672
445.85,0.004394531
445.95,0.004394531
446.05,0.004882813
446.15,0.005126953
446.25,0.004882813
446.35,0.004394531
446.45,0.004638672
446.55,0.004394531
446.65,0.004394531
446.75,0.004882813
446.85,0.005371094
446.95,0.004882813
447.05,0.004638672
447.15,0.004394531
447.25,0.004638672
447.35,0.004882813
447.45,0.005615234
447.55,0.005126953
447.65,0.004638672
447.75,0.004638672
447.85,0.004638672
447.95,0.004638672
448.05,0.005615234
448.15,0.005371094
448.25,0.004638672
448.35,0.004638672
448.45,0.004638672
448.55,0.004394531
448.65,0.004882813
448.75,0.005371094
448.85,0.005126953
448.95,0.004394531
449.05,0.004394531
449.15,0.004638672
449.25,0.004638672
449.35,0.005859375
449.45,0.005126953
449.55,0.004638672
449.65,0.004394531
449.75,0.004638672
449.85,0.004394531
449.95,0.005126953
450.05,0.005615234
450.15,0.005126953
450.25,0.004638672
450.35,0.004394531
450.45,0.004638672
450.55,0.004638672
450.65,0.005371094
450.75,0.005126953
450.85,0.004638672
450.95,0.004638672
451.05,0.004394531
451.15,0.004638672
451.25,0.005126953
451.35,0.005126953
451.45,0.004882813
451.55,0.004638672
451.65,0.004638672
451.75,0.004638672
451.85,0.005126953
451.95,0.005615234
452.05,0.005126953
452.15,0.004394531
452.25,0.004882813
452.35,0.004150391
452.45,0.004638672
452.55,0.005371094
452.65,0.005371094
452.75,0.004638672
452.85,0.004638672
452.95,0.004638672
453.05,0.004394531
453.15,0.005126953
453.25,0.005615234
453.35,0.004882813
453.45,0.004394531
453.55,0.004638672
453.65,0.004394531
453.75,0.004638672
453.85,0.005371094
453.95,0.005371094
454.05,0.004638672
454.15,0.004394531
454.25,0.004638672
454.35,0.004638672
454.45,0.005126953
454.55,0.005371094
454.65,0.004882813
454.75,0.004394531
454.85,0.004638672
454.95,0.004394531
455.05,0.004882813
455.15,0.005371094
455.25,0.005126953
455.35,0.004638672
455.45,0.004394531
455.55,0.004638672
455.65,0.004638672
455.75,0.005126953
455.85,0.005126953
455.95,0.004882813
456.05,0.004394531
456.15,0.004638672
456.25,0.004394531
456.35,0.004882813
456.45,0.005371094
456.55,0.005126953
456.65,0.004638672
456.75,0.004394531
456.85,0.004638672
456.95,0.004394531
457.05,0.005371094
457.15,0.005371094
457.25,0.004882813
457.35,0.004394531
457.45,0.004394531
457.55,0.004394531
457.65,0.004882813
457.75,0.005371094
457.85,0.004638672
457.95,0.004638672
458.05,0.004394531
458.15,0.004394531
458.25,0.004882813
458.35,0.005615234
458.45,0.005371094
458.55,0.004638672
458.65,0.004394531
458.75,0.004638672
458.85,0.004638672
458.95,0.005371094
459.05,0.005126953
459.15,0.004882813
459.25,0.004394531
459.35,0.004394531
459.45,0.004638672
459.55,0.004882813
459.65,0.005371094
459.75,0.005126953
459.85,0.004638672
459.95,0.004638672
460.05,0.004638672
460.15,0.004394531
460.25,0.005371094
460.35,0.005371094
460.45,0.004882813
460.55,0.004638672
460.65,0.004638672
460.75,0.004394531
460.85,0.004882813
460.95,0.005371094
461.05,0.004882813
461.15,0.004638672
461.25,0.004638672
461.35,0.004394531
461.45,0.004394531
461.55,0.005371094
461.65,0.005126953
461.75,0.004882813
461.85,0.004394531
461.95,0.004638672
462.05,0.004638672
462.15,0.005126953
462.25,0.005371094
462.35,0.004882813
462.45,0.004638672
462.55,0.004638672
462.65,0.004394531
462.75,0.004638672
462.85,0.005371094
462.95,0.005371094
463.05,0.004638672
463.15,0.004394531
463.25,0.004638672
463.35,0.004394531
463.45,0.005371094
463.55,0.005371094
463.65,0.004882813
463.75,0.004394531
463.85,0.004638672
463.95,0.004394531
464.05,0.004882813
464.15,0.005371094
464.25,0.005126953
464.35,0.004394531
464.45,0.004638672
464.55,0.004394531
464.65,0.004394531
464.75,0.005126953
464.85,0.005371094
464.95,0.004882813
465.05,0.004394531
465.15,0.004394531
465.25,0.004638672
465.35,0.005126953
465.45,0.005126953
465.55,0.004882813
465.65,0.004394531
465.75,0.004394531
465.85,0.004638672
465.95,0.004638672
466.05,0.005371094
466.15,0.005126953
466.25,0.004638672
466.35,0.004394531
466.45,0.004638672
466.55,0.004394531
466.65,0.005371094
466.75,0.005371094
466.85,0.004882813
466.95,0.004394531
467.05,0.004638672
467.15,0.004394531
467.25,0.004882813
467.35,0.005615234
467.45,0.005126953
467.55,0.004638672
467.65,0.004638672
467.75,0.004638672
467.85,0.004638672
467.95,0.005371094
468.05,0.005371094
468.15,0.004638672
468.25,0.004638672
468.35,0.004638672
468.45,0.004150391
468.55,0.005371094
468.65,0.005615234
468.75,0.005126953
468.85,0.004394531
468.95,0.004394531
469.05,0.004638672
469.15,0.004882813
469.25,0.005371094
469.35,0.005126953
469.45,0.004638672
469.55,0.004394531
469.65,0.004882813
469.75,0.004394531
469.85,0.005126953
469.95,0.005126953
470.05,0.004882813
470.15,0.004638672
470.25,0.004394531
470.35,0.004394531
470.45,0.005126953
470.55,0.005371094
470.65,0.004882813
470.75,0.004638672
470.85,0.004394531
470.95,0.004394531
471.05,0.004638672
471.15,0.005371094
471.25,0.005371094
471.35,0.004638672
471.45,0.004638672
471.55,0.004394531
471.65,0.004638672
471.75,0.005371094
471.85,0.005371094
471.95,0.004882813
472.05,0.004638672
472.15,0.004638672
472.25,0.004638672
472.35,0.004882813
472.45,0.004882813
472.55,0.005126953
472.65,0.004394531
472.75,0.004394531
472.85,0.004638672
472.95,0.004638672
473.05,0.005371094
473.15,0.005126953
473.25,0.004882813
473.35,0.004394531
473.45,0.004638672
473.55,0.004638672
473.65,0.005126953
473.75,0.005615234
473.85,0.004638672
473.95,0.004638672
474.05,0.004394531
474.15,0.004394531
474.25,0.004882813
474.35,0.005371094
474.45,0.005371094
474.55,0.004394531
474.65,0.004638672
474.75,0.004638672
474.85,0.004638672
474.95,0.005126953
475.05,0.005126953
475.15,0.004638672
475.25,0.004638672
475.35,0.004394531
475.45,0.004638672
475.55,0.005126953
475.65,0.005371094
475.75,0.005126953
475.85,0.004638672
475.95,0.004394531
476.05,0.004394531
476.15,0.004394531
476.25,0.005615234
476.35,0.005126953
476.45,0.004882813
476.55,0.004394531
476.65,0.004638672
476.75,0.004394531
476.85,0.004882813
476.95,0.005371094
477.05,0.005126953
477.15,0.004394531
477.25,0.004394531
477.35,0.004638672
477.45,0.004394531
477.55,0.005126953
477.65,0.005126953
477.75,0.004638672
477.85,0.004394531
477.95,0.004638672
478.05,0.004394531
478.15,0.004882813
478.25,0.005371094
478.35,0.004882813
478.45,0.004394531
478.55,0.004394531
478.65,0.004394531
478.75,0.004638672
478.85,0.005371094
478.95,0.005126953
479.05,0.004638672
479.15,0.004638672
479.25,0.004638672
479.35,0.004394531
479.45,0.004882813
479.55,0.005371094
479.65,0.004882813
479.75,0.004394531
479.85,0.004638672
479.95,0.004394531
480.05,0.004882813
480.15,0.005371094
480.25,0.005371094
480.35,0.004638672
480.45,0.004394531
480.55,0.004638672
480.65,0.004638672
480.75,0.005371094
480.85,0.005371094
480.95,0.004882813
481.05,0.004394531
481.15,0.004394531
481.25,0.004394531
481.35,0.004638672
481.45,0.005371094
481.55,0.005126953
481.65,0.004394531
481.75,0.004638672
481.85,0.004638672
481.95,0.004394531
482.05,0.005126953
482.15,0.005371094
482.25,0.004638672
482.35,0.004638672
482.45,0.004394531
482.55,0.004394531
482.65,0.004882813
482.75,0.005126953
482.85,0.005126953
482.95,0.004638672
483.05,0.004394531
483.15,0.004394531
483.25,0.004638672
483.35,0.005371094
483.45,0.005126953
483.55,0.004882813
483.65,0.004394531
483.75,0.004394531
483.85,0.004638672
483.95,0.004882813
484.05,0.005371094
484.15,0.005126953
484.25,0.004394531
484.35,0.004394531
484.45,0.004394531
484.55,0.005126953
484.65,0.005615234
484.75,0.005126953
484.85,0.004638672
484.95,0.004394531
485.05,0.004394531
485.15,0.004394531
485.25,0.005126953
485.35,0.005615234
485.45,0.004638672
485.55,0.004394531
485.65,0.004638672
485.75,0.004638672
485.85,0.004882813
485.95,0.005371094
486.05,0.005126953
486.15,0.004638672
486.25,0.004394531
486.35,0.004394531
486.45,0.004638672
486.55,0.005371094
486.65,0.005371094
486.75,0.004638672
486.85,0.004638672
486.95,0.004638672
487.05,0.004638672
487.15,0.005371094
487.25,0.005126953
487.35,0.004638672
487.45,0.004394531
487.55,0.004394531
487.65,0.004394531
487.75,0.004638672
487.85,0.005615234
487.95,0.005126953
488.05,0.004638672
488.15,0.004638672
488.25,0.004394531
488.35,0.004394531
488.45,0.005371094
488.55,0.005371094
488.65,0.004882813
488.75,0.004638672
488.85,0.004638672
488.95,0.004638672
489.05,0.005126953
489.15,0.005126953
489.25,0.004882813
489.35,0.004638672
489.45,0.004394531
489.55,0.004638672
489.65,0.004638672
489.75,0.005615234
489.85,0.005126953
489.95,0.004394531
490.05,0.004394531
490.15,0.004882813
490.25,0.004638672
490.35,0.004882813
490.45,0.005371094
490.55,0.004882813
490.65,0.004394531
490.75,0.004638672
490.85,0.004394531
490.95,0.004882813
491.05,0.005371094
491.15,0.005126953
491.25,0.004638672
491.35,0.004638672
491.45,0.004638672
491.55,0.004882813
491.65,0.005371094
491.75,0.005371094
491.85,0.004638672
491.95,0.004638672
492.05,0.004638672
492.15,0.004882813
492.25,0.005126953
492.35,0.005371094
492.45,0.004882813
492.55,0.004638672
492.65,0.004394531
492.75,0.004638672
492.85,0.004882813
492.95,0.005371094
493.05,0.005126953
493.15,0.004394531
493.25,0.004638672
493.35,0.004638672
493.45,0.004638672
493.55,0.005371094
493.65,0.005126953
493.75,0.004882813
493.85,0.004394531
493.95,0.004638672
494.05,0.004394531
494.15,0.004882813
494.25,0.005615234
494.35,0.004882813
494.45,0.004638672
494.55,0.004638672
494.65,0.004394531
494.75,0.004638672
494.85,0.005126953
494.95,0.005126953
495.05,0.004638672
495.15,0.004394531
495.25,0.004394531
495.35,0.004394531
495.45,0.005371094
495.55,0.005126953
495.65,0.004882813
495.75,0.004394531
495.85,0.004394531
495.95,0.004394531
496.05,0.004882813
496.15,0.005371094
496.25,0.005371094
496.35,0.004150391
496.45,0.004394531
496.55,0.004394531
496.65,0.004882813
496.75,0.005371094
496.85,0.005371094
496.95,0.004882813
497.05,0.004638672
497.15,0.004150391
497.25,0.004150391
497.35,0.004882813
497.45,0.005371094
497.55,0.004882813
497.65,0.004638672
497.75,0.004394531
497.85,0.004394531
497.95,0.004638672
498.05,0.005615234
498.15,0.005371094
498.25,0.004150391
498.35,0.004394531
498.45,0.004394531
498.55,0.004638672
498.65,0.005371094
498.75,0.005371094
498.85,0.004882813
498.95,0.004638672
499.05,0.004638672
499.15,0.004394531
499.25,0.004882813
499.35,0.005371094
499.45,0.005126953
499.55,0.004882813
499.65,0.004394531
499.75,0.004638672
499.85,0.004882813
499.95,0.005615234
500.05,0.005126953
500.15,0.004882813
500.25,0.004638672
500.35,0.004882813
500.45,0.004394531
500.55,0.005371094
500.65,0.005371094
500.75,0.004882813
500.85,0.004638672
500.95,0.004394531
501.05,0.004638672
501.15,0.004882813
501.25,0.005371094
501.35,0.005126953
501.45,0.004638672
501.55,0.004394531
501.65,0.004394531
501.75,0.004394531
501.85,0.005615234
501.95,0.005371094
502.05,0.004638672
502.15,0.004638672
502.25,0.004638672
502.35,0.004394531
502.45,0.004638672
502.55,0.005371094
502.65,0.005126953
502.75,0.004638672
502.85,0.004394531
502.95,0.004394531
503.05,0.004638672
503.15,0.005371094
503.25,0.005126953
503.35,0.004882813
503.45,0.004150391
503.55,0.004394531
503.65,0.004638672
503.75,0.005126953
503.85,0.005371094
503.95,0.005371094
504.05,0.004638672
504.15,0.004394531
504.25,0.004638672
504.35,0.004394531
504.45,0.005371094
504.55,0.005371094
504.65,0.004882813
504.75,0.004638672
504.85,0.004150391
504.95,0.004638672
505.05,0.004882813
505.15,0.005371094
505.25,0.005371094
505.35,0.004394531
505.45,0.004394531
505.55,0.004638672
505.65,0.004638672
505.75,0.005126953
505.85,0.005371094
505.95,0.004882813
506.05,0.004394531
506.15,0.004394531
506.25,0.004394531
506.35,0.004882813
506.45,0.005615234
506.55,0.005126953
506.65,0.004394531
506.75,0.004394531
506.85,0.004394531
506.95,0.004394531
507.05,0.005371094
507.15,0.004882813
507.25,0.004638672
507.35,0.004394531
507.45,0.004638672
507.55,0.004638672
507.65,0.005126953
507.75,0.005371094
507.85,0.004882813
507.95,0.004638672
508.05,0.004638672
508.15,0.004638672
508.25,0.004638672
508.35,0.005371094
508.45,0.005371094
508.55,0.004638672
508.65,0.004394531
508.75,0.004394531
508.85,0.004638672
508.95,0.004882813
509.05,0.005371094
509.15,0.004882813
509.25,0.004394531
509.35,0.004638672
509.45,0.004394531
509.55,0.004638672
509.65,0.005371094
509.75,0.005126953
509.85,0.004638672
509.95,0.004394531
510.05,0.004638672
510.15,0.004394531
510.25,0.005371094
510.35,0.005371094
510.45,0.004882813
510.55,0.004394531
510.65,0.004638672
510.75,0.004394531
510.85,0.004882813
510.95,0.005371094
511.05,0.005126953
511.15,0.004638672
511.25,0.004394531
511.35,0.004394531
511.45,0.004638672
511.55,0.005615234
511.65,0.005371094
511.75,0.004882813
511.85,0.004394531
511.95,0.004394531
512.05,0.004394531
512.15,0.004882813
512.25,0.005615234
512.35,0.005126953
512.45,0.004638672
512.55,0.004394531
512.65,0.004394531
512.75,0.004394531
512.85,0.005371094
512.95,0.005371094
513.05,0.004638672
513.15,0.004394531
513.25,0.004394531
513.35,0.004638672
513.45,0.004882813
513.55,0.005615234
513.65,0.005126953
513.75,0.004638672
513.85,0.004394531
513.95,0.004394531
514.05,0.004638672
514.15,0.005371094
514.25,0.005371094
514.35,0.004638672
514.45,0.004638672
514.55,0.004638672
514.65,0.004882813
514.75,0.004882813
514.85,0.005615234
514.95,0.005126953
515.05,0.004394531
515.15,0.004394531
515.25,0.004638672
515.35,0.004638672
515.45,0.005371094
515.55,0.005371094
515.65,0.004882813
515.75,0.004394531
515.85,0.004394531
515.95,0.004638672
516.05,0.005126953
516.15,0.005126953
516.25,0.005126953
516.35,0.004638672
516.45,0.004638672
516.55,0.004394531
516.65,0.004638672
516.75,0.005371094
516.85,0.005371094
516.95,0.004882813
517.05,0.004394531
517.15,0.004394531
517.25,0.004638672
517.35,0.005126953
517.45,0.005371094
517.55,0.005126953
517.65,0.004638672
517.75,0.004638672
517.85,0.004638672
517.95,0.004394531
518.05,0.005615234
518.15,0.005371094
518.25,0.004882813
518.35,0.004638672
518.45,0.004638672
518.55,0.004638672
518.65,0.004882813
518.75,0.005371094
518.85,0.004882813
518.95,0.004394531
519.05,0.004394531
519.15,0.004394531
519.25,0.004394531
519.35,0.005126953
519.45,0.005371094
519.55,0.004882813
519.65,0.004638672
519.75,0.004394531
519.85,0.004394531
519.95,0.004882813
520.05,0.005371094
520.15,0.005371094
520.25,0.004638672
520.35,0.004394531
520.45,0.004394531
520.55,0.004638672
520.65,0.005371094
520.75,0.005126953
520.85,0.004882813
520.95,0.004394531
521.05,0.004394531
521.15,0.004638672
521.25,0.004882813
521.35,0.005371094
521.45,0.005371094
521.55,0.004394531
521.65,0.004638672
521.75,0.004638672
521.85,0.004638672
521.95,0.005126953
522.05,0.005615234
522.15,0.004882813
522.25,0.004638672
522.35,0.004394531
522.45,0.004394531
522.55,0.004638672
522.65,0.005615234
522.75,0.005371094
522.85,0.004394531
522.95,0.004638672
523.05,0.004394531
523.15,0.004882813
523.25,0.005126953
523.35,0.005371094
523.45,0.004882813
523.55,0.004638672
523.65,0.004150391
523.75,0.004394531
523.85,0.004882813
523.95,0.005371094
524.05,0.005126953
524.15,0.004638672
524.25,0.004394531
524.35,0.004638672
524.45,0.004394531
524.55,0.004882813
524.65,0.005371094
524.75,0.005126953
524.85,0.004638672
524.95,0.004638672
525.05,0.004638672
525.15,0.004394531
525.25,0.005615234
525.35,0.005371094
525.45,0.004882813
525.55,0.004638672
525.65,0.004638672
525.75,0.004638672
525.85,0.004882813
525.95,0.005371094
526.05,0.005126953
526.15,0.004882813
526.25,0.004394531
526.35,0.004394531
526.45,0.004394531
526.55,0.005371094
526.65,0.005371094
526.75,0.004882813
526.85,0.004394531
526.95,0.004638672
527.05,0.004638672
527.15,0.004882813
527.25,0.005615234
527.35,0.005371094
527.45,0.004394531
527.55,0.004394531
527.65,0.004394531
527.75,0.004394531
527.85,0.005371094
527.95,0.005371094
528.05,0.004638672
528.15,0.004638672
528.25,0.004394531
528.35,0.004394531
528.45,0.004638672
528.55,0.005126953
528.65,0.005371094
528.75,0.004638672
528.85,0.004638672
528.95,0.004638672
529.05,0.004394531
529.15,0.005126953
529.25,0.005615234
529.35,0.004638672
529.45,0.004394531
529.55,0.004394531
529.65,0.004638672
529.75,0.004882813
529.85,0.005371094
529.95,0.005371094
530.05,0.004638672
530.15,0.004638672
530.25,0.004394531
530.35,0.004638672
530.45,0.005371094
530.55,0.005371094
530.65,0.004882813
530.75,0.004638672
530.85,0.004394531
530.95,0.004638672
531.05,0.004882813
531.15,0.005371094
531.25,0.005371094
531.35,0.004638672
531.45,0.004638672
531.55,0.004638672
531.65,0.004638672
531.75,0.005126953
531.85,0.005371094
531.95,0.004882813
532.05,0.004394531
532.15,0.004394531
532.25,0.004638672
532.35,0.004638672
532.45,0.005371094
532.55,0.005371094
532.65,0.004638672
532.75,0.004638672
532.85,0.004638672
532.95,0.004638672
533.05,0.005126953
533.15,0.005615234
533.25,0.005126953
533.35,0.004638672
533.45,0.004394531
533.55,0.004638672
533.65,0.004638672
533.75,0.005371094
533.85,0.005371094
533.95,0.004638672
534.05,0.004394531
534.15,0.004394531
534.25,0.004638672
534.35,0.005126953
534.45,0.005371094
534.55,0.004882813
534.65,0.004638672
534.75,0.004638672
534.85,0.004638672
534.95,0.004638672
535.05,0.005371094
535.15,0.005126953
535.25,0.004882813
535.35,0.004394531
535.45,0.004638672
535.55,0.004638672
535.65,0.005126953
535.75,0.005615234
535.85,0.005126953
535.95,0.004394531
536.05,0.004638672
536.15,0.004638672
536.25,0.004394531
536.35,0.005126953
536.45,0.005126953
536.55,0.005126953
536.65,0.004150391
536.75,0.004394531
536.85,0.004638672
536.95,0.005126953
537.05,0.005371094
537.15,0.005126953
537.25,0.004882813
537.35,0.004394531
537.45,0.004638672
537.55,0.004394531
537.65,0.005371094
537.75,0.005126953
537.85,0.004882813
537.95,0.004638672
538.05,0.004638672
538.15,0.004638672
538.25,0.004882813
538.35,0.005615234
538.45,0.005371094
538.55,0.004638672
538.65,0.004394531
538.75,0.004394531
538.85,0.004394531
538.95,0.005126953
539.05,0.005371094
539.15,0.005126953
539.25,0.004394531
539.35,0.004638672
539.45,0.004638672
539.55,0.004882813
539.65,0.005615234
539.75,0.005126953
539.85,0.004638672
539.95,0.004638672
540.05,0.004638672
540.15,0.004638672
540.25,0.005126953
540.35,0.005371094
540.45,0.005126953
540.55,0.004638672
540.65,0.004638672
540.75,0.004638672
540.85,0.004638672
540.95,0.005615234
541.05,0.004882813
541.15,0.004882813
541.25,0.004638672
541.35,0.004638672
541.45,0.004638672
541.55,0.005126953
541.65,0.005615234
541.75,0.005126953
541.85,0.004638672
541.95,0.004882813
542.05,0.004882813
542.15,0.005126953
542.25,0.006347656
542.35,0.006835938
542.45,0.006835938
542.55,0.007324219
542.65,0.008300781
542.75,0.010253906
542.85,0.012939453
542.95,0.016357422
543.05,0.017578125
543.15,0.019775391
543.25,0.022949219
543.35,0.024902344
543.45,0.02734375
543.55,0.031982422
543.65,0.032714844
543.75,0.032958984
543.85,0.035400391
543.95,0.036865234
544.05,0.035644531
544.15,0.038085938
544.25,0.0390625
544.35,0.035400391
544.45,0.034179688
544.55,0.033447266
544.65,0.030273438
544.75,0.028076172
544.85,0.027832031
544.95,0.023925781
545.05,0.020019531
545.15,0.018066406
545.25,0.015380859
545.35,0.012207031
545.45,0.012207031
545.55,0.010253906
545.65,0.008056641
545.75,0.006835938
545.85,0.006103516
545.95,0.005371094
546.05,0.005126953
546.15,0.005859375
546.25,0.005371094
546.35,0.004882813
546.45,0.004882813
546.55,0.004394531
546.65,0.004638672
546.75,0.005371094
546.85,0.005615234
546.95,0.005126953
547.05,0.004882813
547.15,0.004638672
547.25,0.004394531
547.35,0.004882813
547.45,0.005371094
547.55,0.005126953
547.65,0.004882813
547.75,0.004638672
547.85,0.004638672
547.95,0.004394531
548.05,0.005371094
548.15,0.005371094
548.25,0.004638672
548.35,0.004394531
548.45,0.004394531
548.55,0.004394531
548.65,0.004882813
548.75,0.005615234
548.85,0.004882813
548.95,0.004638672
549.05,0.004638672
549.15,0.004882813
549.25,0.004394531
549.35,0.005371094
549.45,0.005615234
549.55,0.004882813
549.65,0.004394531
549.75,0.004882813
549.85,0.004638672
549.95,0.004882813
550.05,0.005371094
550.15,0.005371094
550.25,0.004882813
550.35,0.004638672
550.45,0.004394531
550.55,0.004882813
550.65,0.005371094
550.75,0.005126953
550.85,0.004882813
550.95,0.004638672
551.05,0.004638672
551.15,0.004638672
551.25,0.004882813
551.35,0.005371094
551.45,0.005371094
551.55,0.004638672
551.65,0.004394531
551.75,0.004638672
551.85,0.004882813
551.95,0.005371094
552.05,0.005371094
552.15,0.004882813
552.25,0.004638672
552.35,0.004638672
552.45,0.004638672
552.55,0.004882813
552.65,0.005126953
552.75,0.005126953
552.85,0.004638672
552.95,0.004394531
553.05,0.004638672
553.15,0.004882813
553.25,0.005126953
553.35,0.005371094
553.45,0.005126953
553.55,0.004638672
553.65,0.004638672
553.75,0.004638672
553.85,0.005126953
553.95,0.005371094
554.05,0.005371094
554.15,0.004638672
554.25,0.004394531
554.35,0.004638672
554.45,0.004638672
554.55,0.005615234
554.65,0.005615234
554.75,0.004394531
554.85,0.004638672
554.95,0.004394531
555.05,0.004638672
555.15,0.004882813
555.25,0.005371094
555.35,0.005126953
555.45,0.004638672
555.55,0.004394531
555.65,0.004638672
555.75,0.004638672
555.85,0.005126953
555.95,0.005371094
556.05,0.004882813
556.15,0.004638672
556.25,0.004638672
556.35,0.004638672
556.45,0.005126953
556.55,0.005371094
556.65,0.005126953
556.75,0.004150391
556.85,0.004638672
556.95,0.004638672
557.05,0.004638672
557.15,0.005371094
557.25,0.005371094
557.35,0.004638672
557.45,0.004638672
557.55,0.004394531
557.65,0.004150391
557.75,0.004882813
557.85,0.005615234
557.95,0.004882813
558.05,0.004638672
558.15,0.004394531
558.25,0.004638672
558.35,0.004882813
558.45,0.005615234
558.55,0.005371094
558.65,0.004638672
558.75,0.004638672
558.85,0.004638672
558.95,0.004638672
559.05,0.005126953
559.15,0.005371094
559.25,0.004882813
559.35,0.004394531
559.45,0.004638672
559.55,0.004638672
559.65,0.004882813
559.75,0.005371094
559.85,0.005371094
559.95,0.004882813
560.05,0.004394531
560.15,0.004638672
560.25,0.004638672
560.35,0.005371094
560.45,0.005371094
560.55,0.004882813
560.65,0.004638672
560.75,0.004394531
560.85,0.004638672
560.95,0.004882813
561.05,0.005371094
561.15,0.005126953
561.25,0.004638672
561.35,0.004394531
561.45,0.004638672
561.55,0.004638672
561.65,0.005371094
561.75,0.005126953
561.85,0.004882813
561.95,0.004638672
562.05,0.004638672
562.15,0.004638672
562.25,0.004882813
562.35,0.005371094
562.45,0.005371094
562.55,0.004638672
562.65,0.004638672
562.75,0.004394531
562.85,0.004150391
562.95,0.005126953
563.05,0.005371094
563.15,0.005126953
563.25,0.004638672
563.35,0.004394531
563.45,0.004638672
563.55,0.004882813
563.65,0.005615234
563.75,0.005126953
563.85,0.004394531
563.95,0.004394531
564.05,0.004638672
564.15,0.004638672
564.25,0.005615234
564.35,0.005371094
564.45,0.004882813
564.55,0.004638672
564.65,0.004394531
564.75,0.004638672
564.85,0.005126953
564.95,0.005126953
565.05,0.004882813
565.15,0.004638672
565.25,0.004394531
565.35,0.004638672
565.45,0.004638672
565.55,0.005126953
565.65,0.005371094
565.75,0.004882813
565.85,0.004882813
565.95,0.004638672
566.05,0.004638672
566.15,0.004882813
566.25,0.005615234
566.35,0.005126953
566.45,0.004882813
566.55,0.004638672
566.65,0.004394531
566.75,0.004638672
566.85,0.005371094
566.95,0.005126953
567.05,0.004882813
567.15,0.004394531
567.25,0.004638672
567.35,0.004638672
567.45,0.004882813
567.55,0.005371094
567.65,0.005126953
567.75,0.004638672
567.85,0.004394531
567.95,0.004638672
568.05,0.004394531
568.15,0.005371094
568.25,0.005371094
568.35,0.004638672
568.45,0.004638672
568.55,0.004638672
568.65,0.004638672
568.75,0.005126953
568.85,0.005371094
568.95,0.005126953
569.05,0.004638672
569.15,0.004638672
569.25,0.004394531
569.35,0.004394531
569.45,0.005371094
569.55,0.005371094
569.65,0.004882813
569.75,0.004394531
569.85,0.004638672
569.95,0.004638672
570.05,0.004638672
570.15,0.005371094
570.25,0.005126953
570.35,0.004638672
570.45,0.004394531
570.55,0.004394531
570.65,0.004638672
570.75,0.005371094
570.85,0.005126953
570.95,0.004882813
571.05,0.004638672
571.15,0.004638672
571.25,0.004394531
571.35,0.004882813
571.45,0.005615234
571.55,0.005371094
571.65,0.004638672
571.75,0.004394531
571.85,0.004394531
571.95,0.004638672
572.05,0.005126953
572.15,0.005126953
572.25,0.005126953
572.35,0.004638672
572.45,0.004394531
572.55,0.004638672
572.65,0.004882813
572.75,0.005371094
572.85,0.004882813
572.95,0.004394531
573.05,0.004638672
573.15,0.004638672
573.25,0.004638672
573.35,0.005371094
573.45,0.005615234
573.55,0.005859375
573.65,0.005126953
573.75,0.005615234
573.85,0.005615234
573.95,0.006347656
574.05,0.007080078
574.15,0.007324219
574.25,0.007080078
574.35,0.006835938
574.45,0.006835938
574.55,0.007568359
574.65,0.008300781
574.75,0.008789063
574.85,0.008056641
574.95,0.007568359
575.05,0.0078125
575.15,0.007568359
575.25,0.008056641
575.35,0.008544922
575.45,0.008300781
575.55,0.007568359
575.65,0.007568359
575.75,0.007080078
575.85,0.0078125
575.95,0.008544922
576.05,0.008544922
576.15,0.0078125
576.25,0.007324219
576.35,0.007324219
576.45,0.007324219
576.55,0.008056641
576.65,0.009033203
576.75,0.008544922
576.85,0.008056641
576.95,0.0078125
577.05,0.007568359
577.15,0.008056641
577.25,0.009033203
577.35,0.009277344
577.45,0.008056641
577.55,0.0078125
577.65,0.007080078
577.75,0.007080078
577.85,0.007568359
577.95,0.008056641
578.05,0.007568359
578.15,0.006591797
578.25,0.006103516
578.35,0.005859375
578.45,0.005615234
578.55,0.006103516
578.65,0.006347656
578.75,0.005371094
578.85,0.004882813
578.95,0.004882813
579.05,0.004638672
579.15,0.004394531
579.25,0.005371094
579.35,0.005371094
579.45,0.004882813
579.55,0.004394531
579.65,0.004638672
579.75,0.004638672
579.85,0.004882813
579.95,0.005371094
580.05,0.005371094
580.15,0.004638672
580.25,0.004394531
580.35,0.004394531
580.45,0.004638672
580.55,0.005371094
580.65,0.005371094
580.75,0.004638672
580.85,0.004394531
580.95,0.004638672
581.05,0.004394531
581.15,0.004882813
581.25,0.005615234
581.35,0.005126953
581.45,0.004882813
581.55,0.004638672
581.65,0.004394531
581.75,0.004882813
581.85,0.004882813
581.95,0.005371094
582.05,0.004882813
582.15,0.004394531
582.25,0.004394531
582.35,0.004638672
582.45,0.004638672
582.55,0.005371094
582.65,0.005126953
582.75,0.004882813
582.85,0.004638672
582.95,0.004638672
583.05,0.004394531
583.15,0.004638672
583.25,0.005615234
583.35,0.005126953
583.45,0.004882813
583.55,0.004394531
583.65,0.004394531
583.75,0.004394531
583.85,0.004638672
583.95,0.005371094
584.05,0.004882813
584.15,0.004638672
584.25,0.004394531
584.35,0.004638672
584.45,0.004638672
584.55,0.005126953
584.65,0.005126953
584.75,0.004882813
584.85,0.004638672
584.95,0.004394531
585.05,0.004394531
585.15,0.004394531
585.25,0.005126953
585.35,0.005371094
585.45,0.004882813
585.55,0.004150391
585.65,0.004638672
585.75,0.004638672
585.85,0.004394531
585.95,0.005126953
586.05,0.005126953
586.15,0.004638672
586.25,0.004638672
586.35,0.004394531
586.45,0.004638672
586.55,0.004638672
586.65,0.005371094
586.75,0.005126953
586.85,0.004638672
586.95,0.004638672
587.05,0.004638672
587.15,0.004638672
587.25,0.005126953
587.35,0.005371094
587.45,0.004882813
587.55,0.004394531
587.65,0.004394531
587.75,0.004394531
587.85,0.004394531
587.95,0.005126953
588.05,0.005126953
588.15,0.004882813
588.25,0.004394531
588.35,0.004394531
588.45,0.004638672
588.55,0.004638672
588.65,0.005371094
588.75,0.004882813
588.85,0.004638672
588.95,0.004394531
589.05,0.004638672
589.15,0.004394531
589.25,0.004882813
589.35,0.005126953
589.45,0.005126953
589.55,0.004394531
589.65,0.004394531
589.75,0.004638672
589.85,0.004638672
589.95,0.005615234
590.05,0.005371094
590.15,0.004638672
590.25,0.004638672
590.35,0.004638672
590.45,0.004394531
590.55,0.004882813
590.65,0.005371094
590.75,0.005126953
590.85,0.004638672
590.95,0.004394531
591.05,0.004394531
591.15,0.004638672
591.25,0.005126953
591.35,0.005371094
591.45,0.005126953
591.55,0.004394531
591.65,0.004638672
591.75,0.004638672
591.85,0.004394531
591.95,0.005371094
592.05,0.005371094
592.15,0.004882813
592.25,0.004638672
592.35,0.004638672
592.45,0.004638672
592.55,0.004394531
592.65,0.005371094
592.75,0.005371094
592.85,0.004394531
592.95,0.004394531
593.05,0.004638672
593.15,0.004638672
593.25,0.005126953
593.35,0.005615234
593.45,0.005126953
593.55,0.004638672
593.65,0.004638672
593.75,0.004394531
593.85,0.004394531
593.95,0.004882813
594.05,0.005371094
594.15,0.004882813
594.25,0.004638672
594.35,0.004394531
594.45,0.004638672
594.55,0.004394531
594.65,0.005371094
594.75,0.005371094
594.85,0.004882813
594.95,0.004394531
595.05,0.004638672
595.15,0.004638672
595.25,0.004638672
595.35,0.005371094
595.45,0.005371094
595.55,0.004638672
595.65,0.004638672
595.75,0.004638672
595.85,0.004638672
595.95,0.004882813
596.05,0.005615234
596.15,0.005371094
596.25,0.004394531
596.35,0.004394531
596.45,0.004394531
596.55,0.004394531
596.65,0.005371094
596.75,0.005126953
596.85,0.004638672
596.95,0.004394531
597.05,0.004394531
597.15,0.004394531
597.25,0.004638672
597.35,0.005371094
597.45,0.005371094
597.55,0.004882813
597.65,0.004638672
597.75,0.004394531
597.85,0.004394531
597.95,0.004882813
598.05,0.005371094
598.15,0.005126953
598.25,0.004394531
598.35,0.004394531
598.45,0.004394531
598.55,0.004394531
598.65,0.005126953
598.75,0.005615234
598.85,0.004882813
598.95,0.004882813
599.05,0.004394531
599.15,0.004638672
599.25,0.004882813
599.35,0.005371094
599.45,0.005126953
599.55,0.004638672
599.65,0.004394531
599.75,0.004394531
599.85,0.004638672
599.95,0.005126953
600.05,0.005371094
600.15,0.004882813
600.25,0.004638672
600.35,0.004394531
600.45,0.004394531
600.55,0.004882813
600.65,0.005371094
600.75,0.005371094
600.85,0.004882813
600.95,0.004394531
601.05,0.004638672
601.15,0.004638672
601.25,0.004882813
601.35,0.005371094
601.45,0.004882813
601.55,0.004638672
601.65,0.004638672
601.75,0.004638672
601.85,0.004394531
601.95,0.005371094
602.05,0.005371094
602.15,0.004882813
602.25,0.004638672
602.35,0.004638672
602.45,0.004638672
602.55,0.004638672
602.65,0.005615234
602.75,0.005126953
602.85,0.004638672
602.95,0.004394531
603.05,0.004638672
603.15,0.004394531
603.25,0.005371094
603.35,0.005371094
603.45,0.005126953
603.55,0.004394531
603.65,0.004394531
603.75,0.004394531
603.85,0.004638672
603.95,0.005371094
604.05,0.005371094
604.15,0.004638672
604.25,0.004638672
604.35,0.004638672
604.45,0.004638672
604.55,0.004882813
604.65,0.005615234
604.75,0.004638672
604.85,0.004394531
604.95,0.004394531
605.05,0.004150391
605.15,0.004394531
605.25,0.005371094
605.35,0.005126953
605.45,0.004638672
605.55,0.004394531
605.65,0.004394531
605.75,0.004638672
605.85,0.005126953
605.95,0.005371094
606.05,0.004882813
606.15,0.004150391
606.25,0.004394531
606.35,0.004394531
606.45,0.004638672
606.55,0.005371094
606.65,0.005371094
606.75,0.004638672
606.85,0.004394531
606.95,0.004638672
607.05,0.004394531
607.15,0.004882813
607.25,0.005371094
607.35,0.005126953
607.45,0.004638672
607.55,0.004394531
607.65,0.004638672
607.75,0.004882813
607.85,0.005371094
607.95,0.005371094
608.05,0.004638672
608.15,0.004638672
608.25,0.004394531
608.35,0.004638672
608.45,0.004882813
608.55,0.005371094
608.65,0.005126953
608.75,0.004150391
608.85,0.004638672
608.95,0.004150391
609.05,0.004638672
609.15,0.005371094
609.25,0.005371094
609.35,0.004638672
609.45,0.004638672
609.55,0.004638672
609.65,0.004150391
609.75,0.004882813
609.85,0.005371094
609.95,0.005371094
610.05,0.004638672
610.15,0.004394531
610.25,0.004638672
610.35,0.004394531
610.45,0.005126953
610.55,0.005371094
610.65,0.005126953
610.75,0.004638672
610.85,0.004638672
610.95,0.004638672
611.05,0.004638672
611.15,0.005615234
611.25,0.005126953
611.35,0.004882813
611.45,0.004394531
611.55,0.004638672
611.65,0.004638672
611.75,0.005371094
611.85,0.005371094
611.95,0.004882813
612.05,0.004394531
612.15,0.004638672
612.25,0.004394531
612.35,0.004638672
612.45,0.005371094
612.55,0.005126953
612.65,0.004638672
612.75,0.004638672
612.85,0.004394531
612.95,0.004394531
613.05,0.005371094
613.15,0.005371094
613.25,0.005126953
613.35,0.004394531
613.45,0.004394531
613.55,0.004150391
613.65,0.004882813
613.75,0.005615234
613.85,0.005126953
613.95,0.004638672
614.05,0.004394531
614.15,0.004638672
614.25,0.004394531
614.35,0.005126953
614.45,0.005371094
614.55,0.005126953
614.65,0.004638672
614.75,0.004638672
614.85,0.004394531
614.95,0.004882813
615.05,0.005371094
615.15,0.005126953
615.25,0.004638672
615.35,0.004394531
615.45,0.004638672
615.55,0.004638672
615.65,0.004882813
615.75,0.005615234
615.85,0.004882813
615.95,0.004638672
616.05,0.004638672
616.15,0.004638672
616.25,0.004638672
616.35,0.005371094
616.45,0.005371094
616.55,0.004882813
616.65,0.004638672
616.75,0.004638672
616.85,0.004638672
616.95,0.004882813
617.05,0.005615234
617.15,0.005126953
617.25,0.004638672
617.35,0.004638672
617.45,0.004394531
617.55,0.004394531
617.65,0.005371094
617.75,0.005371094
617.85,0.004638672
617.95,0.004394531
618.05,0.004638672
618.15,0.004394531
618.25,0.004882813
618.35,0.005371094
618.45,0.005126953
618.55,0.004394531
618.65,0.004638672
618.75,0.004394531
618.85,0.004394531
618.95,0.005371094
619.05,0.005615234
619.15,0.004882813
619.25,0.004394531
619.35,0.004394531
619.45,0.004638672
619.55,0.004638672
619.65,0.005126953
619.75,0.005126953
619.85,0.004638672
619.95,0.004394531
620.05,0.004638672
620.15,0.004638672
620.25,0.005371094
620.35,0.005371094
620.45,0.004882813
620.55,0.004638672
620.65,0.004638672
620.75,0.004394531
620.85,0.004882813
620.95,0.005615234
621.05,0.005126953
621.15,0.004638672
621.25,0.004394531
621.35,0.004394531
621.45,0.004638672
621.55,0.005126953
621.65,0.005126953
621.75,0.004882813
621.85,0.004638672
621.95,0.004394531
622.05,0.004638672
622.15,0.004638672
622.25,0.005615234
622.35,0.004882813
622.45,0.004638672
622.55,0.004394531
622.65,0.004638672
622.75,0.004638672
622.85,0.005371094
622.95,0.005126953
623.05,0.004882813
623.15,0.004638672
623.25,0.004638672
623.35,0.004638672
623.45,0.004882813
623.55,0.005371094
623.65,0.005126953
623.75,0.004638672
623.85,0.004638672
623.95,0.004638672
624.05,0.004638672
624.15,0.005371094
624.25,0.005371094
624.35,0.004882813
624.45,0.004638672
624.55,0.004638672
624.65,0.004638672
624.75,0.004638672
624.85,0.005371094
624.95,0.005126953
625.05,0.004638672
625.15,0.004638672
625.25,0.004394531
625.35,0.004638672
625.45,0.005126953
625.55,0.005371094
625.65,0.004882813
625.75,0.004394531
625.85,0.004638672
625.95,0.004394531
626.05,0.004882813
626.15,0.005615234
626.25,0.005126953
626.35,0.004638672
626.45,0.004394531
626.55,0.004638672
626.65,0.004638672
626.75,0.005126953
626.85,0.005615234
626.95,0.004882813
627.05,0.004638672
627.15,0.004394531
627.25,0.004638672
627.35,0.004638672
627.45,0.005371094
627.55,0.005371094
627.65,0.004638672
627.75,0.004638672
627.85,0.004394531
627.95,0.004638672
628.05,0.004882813
628.15,0.005371094
628.25,0.004882813
628.35,0.004638672
628.45,0.004638672
628.55,0.004638672
628.65,0.004638672
628.75,0.005371094
628.85,0.005371094
628.95,0.004394531
629.05,0.004394531
629.15,0.004394531
629.25,0.004394531
629.35,0.005126953
629.45,0.005371094
629.55,0.005126953
629.65,0.004638672
629.75,0.004394531
629.85,0.004638672
629.95,0.004882813
630.05,0.005371094
630.15,0.005126953
630.25,0.004882813
630.35,0.004638672
630.45,0.004394531
630.55,0.004394531
630.65,0.004882813
630.75,0.005615234
630.85,0.005126953
630.95,0.004394531
631.05,0.004638672
631.15,0.004638672
631.25,0.004638672
631.35,0.005126953
631.45,0.005371094
631.55,0.004882813
631.65,0.004394531
631.75,0.004638672
631.85,0.004394531
631.95,0.004882813
632.05,0.005615234
632.15,0.005126953
632.25,0.004638672
632.35,0.004394531
632.45,0.004638672
632.55,0.004394531
632.65,0.005371094
632.75,0.005371094
632.85,0.004882813
632.95,0.004394531
633.05,0.004638672
633.15,0.004638672
633.25,0.004882813
633.35,0.005615234
633.45,0.004882813
633.55,0.004394531
633.65,0.004394531
633.75,0.004638672
633.85,0.004394531
633.95,0.005126953
634.05,0.005371094
634.15,0.004882813
634.25,0.004638672
634.35,0.004638672
634.45,0.004638672
634.55,0.004638672
634.65,0.005126953
634.75,0.005126953
634.85,0.004638672
634.95,0.004394531
635.05,0.004394531
635.15,0.004638672
635.25,0.005126953
635.35,0.005371094
635.45,0.004638672
635.55,0.004394531
635.65,0.004394531
635.75,0.004638672
635.85,0.004638672
635.95,0.005371094
636.05,0.004882813
636.15,0.004394531
636.25,0.004394531
636.35,0.004638672
636.45,0.004394531
636.55,0.005126953
636.65,0.005126953
636.75,0.004882813
636.85,0.004394531
636.95,0.004394531
637.05,0.004638672
637.15,0.004882813
637.25,0.005371094
637.35,0.005126953
637.45,0.004638672
637.55,0.004394531
637.65,0.004638672
637.75,0.004638672
637.85,0.005371094
637.95,0.005126953
638.05,0.004882813
638.15,0.004638672
638.25,0.004638672
638.35,0.004394531
638.45,0.005126953
638.55,0.005371094
638.65,0.005126953
638.75,0.004394531
638.85,0.004394531
638.95,0.004394531
639.05,0.004638672
639.15,0.005371094
639.25,0.005371094
639.35,0.004882813
639.45,0.004394531
639.55,0.004394531
639.65,0.004394531
639.75,0.005126953
639.85,0.005615234
639.95,0.005126953
640.05,0.004638672
640.15,0.004394531
640.25,0.004638672
640.35,0.004882813
640.45,0.005371094
640.55,0.005371094
640.65,0.004638672
640.75,0.004150391
640.85,0.004638672
640.95,0.004394531
641.05,0.004882813
641.15,0.005371094
641.25,0.005126953
641.35,0.004394531
641.45,0.004394531
641.55,0.004394531
641.65,0.004394531
641.75,0.005615234
641.85,0.005371094
641.95,0.004882813
642.05,0.004638672
642.15,0.004638672
642.25,0.004638672
642.35,0.004638672
642.45,0.005371094
642.55,0.005126953
642.65,0.004638672
642.75,0.004394531
642.85,0.004638672
642.95,0.004638672
643.05,0.005126953
643.15,0.005126953
643.25,0.004882813
643.35,0.004394531
643.45,0.004394531
643.55,0.004638672
643.65,0.004882813
643.75,0.005371094
643.85,0.005126953
643.95,0.004394531
644.05,0.004394531
644.15,0.004394531
644.25,0.004882813
644.35,0.004882813
644.45,0.005371094
644.55,0.005126953
644.65,0.004638672
644.75,0.004394531
644.85,0.004638672
644.95,0.004638672
645.05,0.005371094
645.15,0.005371094
645.25,0.004394531
645.35,0.004638672
645.45,0.004638672
645.55,0.004638672
645.65,0.005371094
645.75,0.005371094
645.85,0.004882813
645.95,0.004638672
646.05,0.004394531
646.15,0.004394531
646.25,0.004882813
646.35,0.005371094
646.45,0.005371094
646.55,0.004638672
646.65,0.004638672
646.75,0.004638672
646.85,0.004638672
646.95,0.005126953
647.05,0.005371094
647.15,0.004882813
647.25,0.004638672
647.35,0.004638672
647.45,0.004638672
647.55,0.004638672
647.65,0.005371094
647.75,0.005126953
647.85,0.004638672
647.95,0.004394531
648.05,0.004394531
648.15,0.004638672
648.25,0.005126953
648.35,0.005615234
648.45,0.005126953
648.55,0.004638672
648.65,0.004394531
648.75,0.004394531
648.85,0.004882813
648.95,0.005371094
649.05,0.005126953
649.15,0.004882813
649.25,0.004638672
649.35,0.004638672
649.45,0.004638672
649.55,0.004882813
649.65,0.005615234
649.75,0.005126953
649.85,0.004638672
649.95,0.004394531
650.05,0.004638672
650.15,0.004394531
650.25,0.005371094
650.35,0.005371094
650.45,0.004638672
650.55,0.004394531
650.65,0.004394531
650.75,0.004638672
650.85,0.005126953
650.95,0.005615234
651.05,0.005126953
651.15,0.004394531
651.25,0.004638672
651.35,0.004638672
651.45,0.004638672
651.55,0.005371094
651.65,0.005371094
651.75,0.004882813
651.85,0.004638672
651.95,0.004638672
652.05,0.004638672
652.15,0.004882813
652.25,0.005371094
652.35,0.005126953
652.45,0.004882813
652.55,0.004638672
652.65,0.004638672
652.75,0.004394531
652.85,0.005371094
652.95,0.005371094
653.05,0.004638672
653.15,0.004638672
653.25,0.004638672
653.35,0.004638672
653.45,0.005126953
653.55,0.005126953
653.65,0.005126953
653.75,0.004882813
653.85,0.004638672
653.95,0.004394531
654.05,0.004394531
654.15,0.005371094
654.25,0.005126953
654.35,0.004882813
654.45,0.004638672
654.55,0.004394531
654.65,0.004638672
654.75,0.004638672
654.85,0.005371094
654.95,0.004882813
655.05,0.004638672
655.15,0.004394531
655.25,0.004638672
655.35,0.004394531
655.45,0.005126953
655.55,0.005371094
655.65,0.004882813
655.75,0.004638672
655.85,0.004394531
655.95,0.004394531
656.05,0.005126953
656.15,0.005615234
656.25,0.005126953
656.35,0.004638672
656.45,0.004394531
656.55,0.004882813
656.65,0.004638672
656.75,0.005371094
656.85,0.005371094
656.95,0.004882813
657.05,0.004394531
657.15,0.004394531
657.25,0.004638672
657.35,0.004882813
657.45,0.005371094
657.55,0.004882813
657.65,0.004638672
657.75,0.004638672
657.85,0.004638672
657.95,0.004394531
658.05,0.005371094
658.15,0.005615234
658.25,0.004882813
658.35,0.004638672
658.45,0.004394531
658.55,0.004638672
658.65,0.004882813
658.75,0.005371094
658.85,0.005126953
658.95,0.004638672
659.05,0.004394531
659.15,0.004394531
659.25,0.004638672
659.35,0.005126953
659.45,0.005126953
659.55,0.004882813
659.65,0.004638672
659.75,0.004638672
659.85,0.004394531
659.95,0.005126953
660.05,0.005371094
660.15,0.005126953
660.25,0.004638672
660.35,0.004394531
660.45,0.004638672
660.55,0.004638672
660.65,0.005371094
660.75,0.005126953
660.85,0.005126953
660.95,0.004394531
661.05,0.004638672
661.15,0.004638672
661.25,0.004882813
661.35,0.005371094
661.45,0.005126953
661.55,0.004638672
661.65,0.004638672
661.75,0.004394531
661.85,0.004638672
661.95,0.005371094
662.05,0.005371094
662.15,0.005126953
662.25,0.004638672
662.35,0.004394531
662.45,0.004638672
662.55,0.005126953
662.65,0.005371094
662.75,0.005126953
662.85,0.004638672
662.95,0.004638672
663.05,0.004638672
663.15,0.004882813
663.25,0.005126953
663.35,0.005126953
663.45,0.004882813
663.55,0.004394531
663.65,0.004394531
663.75,0.004638672
663.85,0.005371094
663.95,0.005126953
664.05,0.004638672
664.15,0.004638672
664.25,0.004394531
664.35,0.004150391
664.45,0.004638672
664.55,0.005371094
664.65,0.005126953
664.75,0.004638672
664.85,0.004394531
664.95,0.004394531
665.05,0.004394531
665.15,0.005371094
665.25,0.005371094
665.35,0.004882813
665.45,0.004394531
665.55,0.004150391
665.65,0.004394531
665.75,0.004882813
665.85,0.005371094
665.95,0.005126953
666.05,0.004150391
666.15,0.004394531
666.25,0.004638672
666.35,0.004638672
666.45,0.005615234
666.55,0.005371094
666.65,0.004882813
666.75,0.004638672
666.85,0.004638672
666.95,0.004394531
667.05,0.004882813
667.15,0.005371094
667.25,0.004882813
667.35,0.004394531
667.45,0.004638672
667.55,0.004638672
667.65,0.004638672
667.75,0.005371094
667.85,0.005371094
667.95,0.004638672
668.05,0.004638672
668.15,0.004638672
668.25,0.004394531
668.35,0.005126953
668.45,0.005371094
668.55,0.004882813
668.65,0.004394531
668.75,0.004638672
668.85,0.004638672
668.95,0.004882813
669.05,0.005371094
669.15,0.005126953
669.25,0.004638672
669.35,0.004394531
669.45,0.004394531
669.55,0.004638672
669.65,0.005371094
669.75,0.005126953
669.85,0.004882813
669.95,0.004394531
670.05,0.004150391
670.15,0.004394531
670.25,0.004638672
670.35,0.005371094
670.45,0.004882813
670.55,0.004638672
670.65,0.004394531
670.75,0.004394531
670.85,0.004394531
670.95,0.004882813
671.05,0.004882813
671.15,0.004638672
671.25,0.004638672
671.35,0.004638672
671.45,0.004638672
671.55,0.004882813
671.65,0.005371094
671.75,0.004882813
671.85,0.004394531
671.95,0.004394531
672.05,0.004394531
672.15,0.004394531
672.25,0.005371094
672.35,0.005126953
672.45,0.004638672
672.55,0.004394531
672.65,0.004394531
672.75,0.004394531
672.85,0.005126953
672.95,0.005371094
673.05,0.004882813
673.15,0.004394531
673.25,0.004394531
673.35,0.004638672
673.45,0.004638672
673.55,0.005371094
673.65,0.004882813
673.75,0.004638672
673.85,0.004394531
673.95,0.004394531
674.05,0.004638672
674.15,0.004882813
674.25,0.005126953
674.35,0.004882813
674.45,0.004394531
674.55,0.004394531
674.65,0.004394531
674.75,0.004638672
674.85,0.005371094
674.95,0.005126953
675.05,0.004638672
675.15,0.004394531
675.25,0.004394531
675.35,0.004394531
675.45,0.004882813
675.55,0.005371094
675.65,0.004638672
675.75,0.004150391
675.85,0.004394531
675.95,0.004394531
676.05,0.004394531
676.15,0.005371094
676.25,0.005126953
676.35,0.004394531
676.45,0.004394531
676.55,0.004394531
676.65,0.004394531
676.75,0.005126953
676.85,0.005126953
676.95,0.004638672
677.05,0.004638672
677.15,0.004394531
677.25,0.004638672
677.35,0.004638672
677.45,0.005126953
677.55,0.005126953
677.65,0.004394531
677.75,0.004394531
677.85,0.004394531
677.95,0.004394531
678.05,0.005126953
678.15,0.004882813
678.25,0.004882813
678.35,0.004394531
678.45,0.004394531
678.55,0.004394531
678.65,0.004882813
678.75,0.005371094
678.85,0.005371094
678.95,0.004638672
679.05,0.004394531
679.15,0.004394531
679.25,0.004394531
679.35,0.005126953
679.45,0.005126953
679.55,0.005126953
679.65,0.004394531
679.75,0.004394531
679.85,0.004394531
679.95,0.004638672
680.05,0.005126953
680.15,0.005126953
680.25,0.004638672
680.35,0.004150391
680.45,0.004394531
680.55,0.004394531
680.65,0.005126953
680.75,0.005126953
680.85,0.004638672
680.95,0.004150391
681.05,0.004638672
681.15,0.004394531
681.25,0.004638672
681.35,0.005371094
681.45,0.004882813
681.55,0.004394531
681.65,0.004394531
681.75,0.004394531
681.85,0.004882813
681.95,0.005371094
682.05,0.004882813
682.15,0.004638672
682.25,0.004394531
682.35,0.004394531
682.45,0.004638672
682.55,0.005126953
682.65,0.005126953
682.75,0.004882813
682.85,0.004394531
682.95,0.004150391
683.05,0.004394531
683.15,0.004394531
683.25,0.005126953
683.35,0.005126953
683.45,0.004150391
683.55,0.004394531
683.65,0.004394531
683.75,0.004394531
683.85,0.004882813
683.95,0.005371094
684.05,0.004882813
684.15,0.004150391
684.25,0.004394531
684.35,0.004150391
684.45,0.004638672
684.55,0.005126953
684.65,0.005126953
684.75,0.004394531
684.85,0.004394531
684.95,0.004394531
685.05,0.004638672
685.15,0.005371094
685.25,0.004882813
685.35,0.004882813
685.45,0.004394531
685.55,0.004394531
685.65,0.004638672
685.75,0.004882813
685.85,0.005615234
685.95,0.005126953
686.05,0.004150391
686.15,0.004638672
686.25,0.004638672
686.35,0.004638672
686.45,0.005126953
686.55,0.005371094
686.65,0.004638672
686.75,0.004394531
686.85,0.004394531
686.95,0.004394531
687.05,0.004638672
687.15,0.005371094
687.25,0.005126953
687.35,0.004394531
687.45,0.004394531
687.55,0.004150391
687.65,0.004394531
687.75,0.005126953
687.85,0.004882813
687.95,0.004394531
688.05,0.004394531
688.15,0.004638672
688.25,0.004638672
688.35,0.005126953
688.45,0.005126953
688.55,0.005126953
688.65,0.004638672
688.75,0.004638672
688.85,0.004394531
688.95,0.004638672
689.05,0.005371094
689.15,0.005126953
689.25,0.004394531
689.35,0.004394531
689.45,0.004394531
689.55,0.004394531
689.65,0.005371094
689.75,0.005126953
689.85,0.004882813
689.95,0.004394531
690.05,0.004394531
690.15,0.004394531
690.25,0.005371094
690.35,0.005615234
690.45,0.004638672
690.55,0.004394531
690.65,0.004150391
690.75,0.004638672
690.85,0.004638672
690.95,0.005615234
691.05,0.005371094
691.15,0.004882813
691.25,0.004638672
691.35,0.004394531
691.45,0.004394531
691.55,0.005126953
691.65,0.005371094
691.75,0.004882813
691.85,0.004638672
691.95,0.004394531
692.05,0.004394531
692.15,0.004638672
692.25,0.005615234
692.35,0.005126953
692.45,0.004394531
692.55,0.004150391
692.65,0.004394531
692.75,0.004394531
692.85,0.005371094
692.95,0.005126953
693.05,0.004638672
693.15,0.004638672
693.25,0.004394531
693.35,0.004394531
693.45,0.005126953
693.55,0.005371094
693.65,0.005126953
693.75,0.004638672
693.85,0.004394531
693.95,0.004394531
694.05,0.004638672
694.15,0.005371094
694.25,0.005126953
694.35,0.004638672
694.45,0.004394531
694.55,0.004394531
694.65,0.004638672
694.75,0.005371094
694.85,0.005371094
694.95,0.004638672
695.05,0.004638672
695.15,0.004394531
695.25,0.004394531
695.35,0.004882813
695.45,0.005371094
695.55,0.004638672
695.65,0.004638672
695.75,0.004150391
695.85,0.004394531
695.95,0.004638672
696.05,0.005126953
696.15,0.004882813
696.25,0.004638672
696.35,0.004394531
696.45,0.004394531
696.55,0.004394531
696.65,0.005126953
696.75,0.005371094
696.85,0.004882813
696.95,0.004638672
697.05,0.004638672
697.15,0.004394531
697.25,0.004882813
697.35,0.005371094
697.45,0.005371094
697.55,0.004638672
697.65,0.004150391
697.75,0.004150391
697.85,0.004638672
697.95,0.005126953
698.05,0.005371094
698.15,0.004882813
698.25,0.004638672
698.35,0.004638672
698.45,0.004638672
698.55,0.005126953
698.65,0.005615234
698.75,0.004882813
698.85,0.004394531
698.95,0.004638672
699.05,0.004394531
699.15,0.004882813
699.25,0.005371094
699.35,0.005371094
699.45,0.004638672
699.55,0.004394531
699.65,0.004638672
699.75,0.004394531
699.85,0.005615234
699.95,0.005371094
