"Run ID:","737"
"Run Name:","HmBroad.5mmslit"
"Time:","10/02/2022 16:16"
"Gain (*10^6V/A):","5"
"ADC Max (V):","1"
"Wavelength Offsett (nm):","0"
"Pulse Delay (microS):","2000"
"Sample Delay (microS):","1"
"Number of Samples:","50"

"Wavelength (nm)","Voltage (V)"
"400.05","0.00439453125"
"400.15","0.00439453125"
"400.25","0.00439453125"
"400.35","0.0048828125"
"400.45","0.005615234375"
"400.55","0.00537109375"
"400.65","0.004638671875"
"400.75","0.004638671875"
"400.85","0.00439453125"
"400.95","0.004638671875"
"401.05","0.0048828125"
"401.15","0.00537109375"
"401.25","0.005126953125"
"401.35","0.004638671875"
"401.45","0.0048828125"
"401.55","0.0048828125"
"401.65","0.00439453125"
"401.75","0.005126953125"
"401.85","0.005615234375"
"401.95","0.00537109375"
"402.05","0.0048828125"
"402.15","0.0048828125"
"402.25","0.005126953125"
"402.35","0.0048828125"
"402.45","0.005615234375"
"402.55","0.005859375"
"402.65","0.005126953125"
"402.75","0.0048828125"
"402.85","0.0048828125"
"402.95","0.0048828125"
"403.05","0.005126953125"
"403.15","0.00537109375"
"403.25","0.005126953125"
"403.35","0.004638671875"
"403.45","0.004638671875"
"403.55","0.004638671875"
"403.65","0.004638671875"
"403.75","0.0048828125"
"403.85","0.005615234375"
"403.95","0.005126953125"
"404.05","0.00439453125"
"404.15","0.00439453125"
"404.25","0.004638671875"
"404.35","0.00439453125"
"404.45","0.005126953125"
"404.55","0.00537109375"
"404.65","0.005126953125"
"404.75","0.004638671875"
"404.85","0.004638671875"
"404.95","0.004638671875"
"405.05","0.0048828125"
"405.15","0.005615234375"
"405.25","0.00537109375"
"405.35","0.0048828125"
"405.45","0.004638671875"
"405.55","0.004638671875"
"405.65","0.004638671875"
"405.75","0.0048828125"
"405.85","0.005615234375"
"405.95","0.00537109375"
"406.05","0.004638671875"
"406.15","0.004638671875"
"406.25","0.004638671875"
"406.35","0.004638671875"
"406.45","0.005126953125"
"406.55","0.005615234375"
"406.65","0.005126953125"
"406.75","0.004638671875"
"406.85","0.004150390625"
"406.95","0.004638671875"
"407.05","0.00439453125"
"407.15","0.0048828125"
"407.25","0.005615234375"
"407.35","0.0048828125"
"407.45","0.004638671875"
"407.55","0.004638671875"
"407.65","0.004638671875"
"407.75","0.004638671875"
"407.85","0.005126953125"
"407.95","0.005615234375"
"408.05","0.0048828125"
"408.15","0.004638671875"
"408.25","0.004638671875"
"408.35","0.004638671875"
"408.45","0.004638671875"
"408.55","0.00537109375"
"408.65","0.00537109375"
"408.75","0.0048828125"
"408.85","0.004638671875"
"408.95","0.004638671875"
"409.05","0.004638671875"
"409.15","0.005126953125"
"409.25","0.00537109375"
"409.35","0.005126953125"
"409.45","0.004638671875"
"409.55","0.004638671875"
"409.65","0.004638671875"
"409.75","0.004638671875"
"409.85","0.005126953125"
"409.95","0.005615234375"
"410.05","0.005126953125"
"410.15","0.00439453125"
"410.25","0.004638671875"
"410.35","0.00390625"
"410.45","0.004638671875"
"410.55","0.00537109375"
"410.65","0.005126953125"
"410.75","0.0048828125"
"410.85","0.0048828125"
"410.95","0.00439453125"
"411.05","0.004638671875"
"411.15","0.004638671875"
"411.25","0.00537109375"
"411.35","0.005126953125"
"411.45","0.005126953125"
"411.55","0.00439453125"
"411.65","0.004638671875"
"411.75","0.00439453125"
"411.85","0.0048828125"
"411.95","0.00537109375"
"412.05","0.00537109375"
"412.15","0.004638671875"
"412.25","0.004638671875"
"412.35","0.004638671875"
"412.45","0.004638671875"
"412.55","0.0048828125"
"412.65","0.005126953125"
"412.75","0.005126953125"
"412.85","0.00439453125"
"412.95","0.004638671875"
"413.05","0.004638671875"
"413.15","0.00439453125"
"413.25","0.005615234375"
"413.35","0.00537109375"
"413.45","0.0048828125"
"413.55","0.00439453125"
"413.65","0.004638671875"
"413.75","0.004638671875"
"413.85","0.004638671875"
"413.95","0.005126953125"
"414.05","0.005126953125"
"414.15","0.004638671875"
"414.25","0.00439453125"
"414.35","0.004638671875"
"414.45","0.004638671875"
"414.55","0.0048828125"
"414.65","0.005126953125"
"414.75","0.00537109375"
"414.85","0.00439453125"
"414.95","0.004638671875"
"415.05","0.004638671875"
"415.15","0.004638671875"
"415.25","0.0048828125"
"415.35","0.00537109375"
"415.45","0.005126953125"
"415.55","0.004638671875"
"415.65","0.004638671875"
"415.75","0.004638671875"
"415.85","0.00439453125"
"415.95","0.00537109375"
"416.05","0.00537109375"
"416.15","0.0048828125"
"416.25","0.00439453125"
"416.35","0.004638671875"
"416.45","0.00439453125"
"416.55","0.0048828125"
"416.65","0.00537109375"
"416.75","0.00537109375"
"416.85","0.004638671875"
"416.95","0.004638671875"
"417.05","0.00439453125"
"417.15","0.004638671875"
"417.25","0.005126953125"
"417.35","0.005615234375"
"417.45","0.005126953125"
"417.55","0.0048828125"
"417.65","0.00439453125"
"417.75","0.004638671875"
"417.85","0.004638671875"
"417.95","0.00537109375"
"418.05","0.005126953125"
"418.15","0.0048828125"
"418.25","0.004638671875"
"418.35","0.004638671875"
"418.45","0.00439453125"
"418.55","0.0048828125"
"418.65","0.00537109375"
"418.75","0.00537109375"
"418.85","0.0048828125"
"418.95","0.004638671875"
"419.05","0.004638671875"
"419.15","0.004638671875"
"419.25","0.00439453125"
"419.35","0.005615234375"
"419.45","0.00537109375"
"419.55","0.004638671875"
"419.65","0.004638671875"
"419.75","0.00439453125"
"419.85","0.004638671875"
"419.95","0.0048828125"
"420.05","0.005615234375"
"420.15","0.00537109375"
"420.25","0.004638671875"
"420.35","0.00439453125"
"420.45","0.004638671875"
"420.55","0.0048828125"
"420.65","0.00537109375"
"420.75","0.005615234375"
"420.85","0.0048828125"
"420.95","0.0048828125"
"421.05","0.004638671875"
"421.15","0.004638671875"
"421.25","0.004638671875"
"421.35","0.005615234375"
"421.45","0.005615234375"
"421.55","0.0048828125"
"421.65","0.0048828125"
"421.75","0.004638671875"
"421.85","0.004638671875"
"421.95","0.0048828125"
"422.05","0.005126953125"
"422.15","0.00537109375"
"422.25","0.0048828125"
"422.35","0.004638671875"
"422.45","0.004638671875"
"422.55","0.004638671875"
"422.65","0.00537109375"
"422.75","0.005615234375"
"422.85","0.00537109375"
"422.95","0.004150390625"
"423.05","0.00439453125"
"423.15","0.00439453125"
"423.25","0.004638671875"
"423.35","0.005126953125"
"423.45","0.005615234375"
"423.55","0.0048828125"
"423.65","0.004638671875"
"423.75","0.00439453125"
"423.85","0.004638671875"
"423.95","0.00439453125"
"424.05","0.00537109375"
"424.15","0.005126953125"
"424.25","0.0048828125"
"424.35","0.004638671875"
"424.45","0.004638671875"
"424.55","0.004638671875"
"424.65","0.005126953125"
"424.75","0.005615234375"
"424.85","0.0048828125"
"424.95","0.0048828125"
"425.05","0.00439453125"
"425.15","0.004638671875"
"425.25","0.004150390625"
"425.35","0.0048828125"
"425.45","0.00537109375"
"425.55","0.005126953125"
"425.65","0.004638671875"
"425.75","0.00439453125"
"425.85","0.004638671875"
"425.95","0.00439453125"
"426.05","0.005126953125"
"426.15","0.00537109375"
"426.25","0.005126953125"
"426.35","0.004638671875"
"426.45","0.004638671875"
"426.55","0.00439453125"
"426.65","0.004638671875"
"426.75","0.00537109375"
"426.85","0.005126953125"
"426.95","0.0048828125"
"427.05","0.00439453125"
"427.15","0.004638671875"
"427.25","0.00439453125"
"427.35","0.004638671875"
"427.45","0.00537109375"
"427.55","0.005615234375"
"427.65","0.004638671875"
"427.75","0.004638671875"
"427.85","0.00439453125"
"427.95","0.00439453125"
"428.05","0.00537109375"
"428.15","0.00537109375"
"428.25","0.005126953125"
"428.35","0.00439453125"
"428.45","0.00439453125"
"428.55","0.004638671875"
"428.65","0.00439453125"
"428.75","0.005615234375"
"428.85","0.00537109375"
"428.95","0.0048828125"
"429.05","0.004638671875"
"429.15","0.004638671875"
"429.25","0.004638671875"
"429.35","0.004638671875"
"429.45","0.005126953125"
"429.55","0.005126953125"
"429.65","0.004638671875"
"429.75","0.004638671875"
"429.85","0.00439453125"
"429.95","0.004638671875"
"430.05","0.00537109375"
"430.15","0.005615234375"
"430.25","0.005126953125"
"430.35","0.00439453125"
"430.45","0.00439453125"
"430.55","0.0048828125"
"430.65","0.004638671875"
"430.75","0.005615234375"
"430.85","0.005615234375"
"430.95","0.004638671875"
"431.05","0.00439453125"
"431.15","0.004638671875"
"431.25","0.00439453125"
"431.35","0.0048828125"
"431.45","0.005615234375"
"431.55","0.00537109375"
"431.65","0.0048828125"
"431.75","0.00439453125"
"431.85","0.0048828125"
"431.95","0.00439453125"
"432.05","0.0048828125"
"432.15","0.005615234375"
"432.25","0.00537109375"
"432.35","0.004638671875"
"432.45","0.004638671875"
"432.55","0.004638671875"
"432.65","0.0048828125"
"432.75","0.005615234375"
"432.85","0.005615234375"
"432.95","0.00537109375"
"433.05","0.005126953125"
"433.15","0.00537109375"
"433.25","0.005615234375"
"433.35","0.006103515625"
"433.45","0.00634765625"
"433.55","0.00634765625"
"433.65","0.006103515625"
"433.75","0.005859375"
"433.85","0.005859375"
"433.95","0.00537109375"
"434.05","0.006103515625"
"434.15","0.006103515625"
"434.25","0.005859375"
"434.35","0.005126953125"
"434.45","0.004638671875"
"434.55","0.0048828125"
"434.65","0.0048828125"
"434.75","0.00537109375"
"434.85","0.00537109375"
"434.95","0.0048828125"
"435.05","0.00439453125"
"435.15","0.004638671875"
"435.25","0.004638671875"
"435.35","0.004638671875"
"435.45","0.00537109375"
"435.55","0.00537109375"
"435.65","0.0048828125"
"435.75","0.00439453125"
"435.85","0.00439453125"
"435.95","0.00439453125"
"436.05","0.004638671875"
"436.15","0.00537109375"
"436.25","0.00537109375"
"436.35","0.004638671875"
"436.45","0.00439453125"
"436.55","0.004638671875"
"436.65","0.004638671875"
"436.75","0.0048828125"
"436.85","0.005126953125"
"436.95","0.005126953125"
"437.05","0.00439453125"
"437.15","0.00439453125"
"437.25","0.004638671875"
"437.35","0.004638671875"
"437.45","0.005126953125"
"437.55","0.005615234375"
"437.65","0.005126953125"
"437.75","0.004638671875"
"437.85","0.00439453125"
"437.95","0.004638671875"
"438.05","0.004638671875"
"438.15","0.005126953125"
"438.25","0.00537109375"
"438.35","0.005126953125"
"438.45","0.004638671875"
"438.55","0.004638671875"
"438.65","0.00439453125"
"438.75","0.004638671875"
"438.85","0.005615234375"
"438.95","0.00537109375"
"439.05","0.0048828125"
"439.15","0.004638671875"
"439.25","0.004638671875"
"439.35","0.00439453125"
"439.45","0.00439453125"
"439.55","0.005615234375"
"439.65","0.00537109375"
"439.75","0.004638671875"
"439.85","0.004638671875"
"439.95","0.004638671875"
"440.05","0.00439453125"
"440.15","0.0048828125"
"440.25","0.005615234375"
"440.35","0.005126953125"
"440.45","0.004638671875"
"440.55","0.00439453125"
"440.65","0.00439453125"
"440.75","0.004638671875"
"440.85","0.005126953125"
"440.95","0.00537109375"
"441.05","0.0048828125"
"441.15","0.00439453125"
"441.25","0.00439453125"
"441.35","0.00439453125"
"441.45","0.004638671875"
"441.55","0.005615234375"
"441.65","0.00537109375"
"441.75","0.0048828125"
"441.85","0.00439453125"
"441.95","0.004638671875"
"442.05","0.004638671875"
"442.15","0.004638671875"
"442.25","0.005615234375"
"442.35","0.005126953125"
"442.45","0.004638671875"
"442.55","0.004638671875"
"442.65","0.004638671875"
"442.75","0.00439453125"
"442.85","0.0048828125"
"442.95","0.00537109375"
"443.05","0.00537109375"
"443.15","0.0048828125"
"443.25","0.00439453125"
"443.35","0.00439453125"
"443.45","0.004638671875"
"443.55","0.0048828125"
"443.65","0.00537109375"
"443.75","0.005126953125"
"443.85","0.004638671875"
"443.95","0.00439453125"
"444.05","0.004638671875"
"444.15","0.004638671875"
"444.25","0.005126953125"
"444.35","0.00537109375"
"444.45","0.0048828125"
"444.55","0.00439453125"
"444.65","0.00439453125"
"444.75","0.004638671875"
"444.85","0.004638671875"
"444.95","0.005126953125"
"445.05","0.00537109375"
"445.15","0.0048828125"
"445.25","0.00439453125"
"445.35","0.00439453125"
"445.45","0.00439453125"
"445.55","0.004638671875"
"445.65","0.005615234375"
"445.75","0.005126953125"
"445.85","0.0048828125"
"445.95","0.00439453125"
"446.05","0.004638671875"
"446.15","0.004638671875"
"446.25","0.00439453125"
"446.35","0.005615234375"
"446.45","0.00537109375"
"446.55","0.0048828125"
"446.65","0.004638671875"
"446.75","0.004638671875"
"446.85","0.004638671875"
"446.95","0.0048828125"
"447.05","0.005615234375"
"447.15","0.00537109375"
"447.25","0.0048828125"
"447.35","0.00439453125"
"447.45","0.004638671875"
"447.55","0.004638671875"
"447.65","0.0048828125"
"447.75","0.00537109375"
"447.85","0.005126953125"
"447.95","0.004638671875"
"448.05","0.00439453125"
"448.15","0.004638671875"
"448.25","0.004638671875"
"448.35","0.005126953125"
"448.45","0.005615234375"
"448.55","0.005126953125"
"448.65","0.00439453125"
"448.75","0.00439453125"
"448.85","0.00439453125"
"448.95","0.00439453125"
"449.05","0.005126953125"
"449.15","0.00537109375"
"449.25","0.005126953125"
"449.35","0.00439453125"
"449.45","0.004638671875"
"449.55","0.004638671875"
"449.65","0.004638671875"
"449.75","0.00537109375"
"449.85","0.00537109375"
"449.95","0.004638671875"
"450.05","0.00439453125"
"450.15","0.004638671875"
"450.25","0.004638671875"
"450.35","0.0048828125"
"450.45","0.00537109375"
"450.55","0.0048828125"
"450.65","0.004638671875"
"450.75","0.004638671875"
"450.85","0.0048828125"
"450.95","0.00439453125"
"451.05","0.0048828125"
"451.15","0.005126953125"
"451.25","0.005126953125"
"451.35","0.00439453125"
"451.45","0.00439453125"
"451.55","0.004638671875"
"451.65","0.004638671875"
"451.75","0.005126953125"
"451.85","0.00537109375"
"451.95","0.0048828125"
"452.05","0.004638671875"
"452.15","0.00439453125"
"452.25","0.004638671875"
"452.35","0.00439453125"
"452.45","0.005126953125"
"452.55","0.00537109375"
"452.65","0.0048828125"
"452.75","0.00439453125"
"452.85","0.004150390625"
"452.95","0.004638671875"
"453.05","0.0048828125"
"453.15","0.00537109375"
"453.25","0.005126953125"
"453.35","0.004638671875"
"453.45","0.00439453125"
"453.55","0.004638671875"
"453.65","0.004638671875"
"453.75","0.004638671875"
"453.85","0.00537109375"
"453.95","0.0048828125"
"454.05","0.004638671875"
"454.15","0.00439453125"
"454.25","0.004150390625"
"454.35","0.00439453125"
"454.45","0.005126953125"
"454.55","0.00537109375"
"454.65","0.0048828125"
"454.75","0.004638671875"
"454.85","0.00439453125"
"454.95","0.004638671875"
"455.05","0.004638671875"
"455.15","0.005615234375"
"455.25","0.005126953125"
"455.35","0.004638671875"
"455.45","0.00439453125"
"455.55","0.00439453125"
"455.65","0.004638671875"
"455.75","0.004638671875"
"455.85","0.00537109375"
"455.95","0.00537109375"
"456.05","0.0048828125"
"456.15","0.00439453125"
"456.25","0.004638671875"
"456.35","0.004638671875"
"456.45","0.004638671875"
"456.55","0.00537109375"
"456.65","0.00537109375"
"456.75","0.004638671875"
"456.85","0.00439453125"
"456.95","0.00439453125"
"457.05","0.00439453125"
"457.15","0.005126953125"
"457.25","0.005126953125"
"457.35","0.005126953125"
"457.45","0.00439453125"
"457.55","0.004638671875"
"457.65","0.004638671875"
"457.75","0.00439453125"
"457.85","0.00537109375"
"457.95","0.00537109375"
"458.05","0.004638671875"
"458.15","0.004638671875"
"458.25","0.00439453125"
"458.35","0.004638671875"
"458.45","0.004638671875"
"458.55","0.00537109375"
"458.65","0.0048828125"
"458.75","0.004638671875"
"458.85","0.004638671875"
"458.95","0.004638671875"
"459.05","0.00439453125"
"459.15","0.0048828125"
"459.25","0.005615234375"
"459.35","0.00537109375"
"459.45","0.004638671875"
"459.55","0.00439453125"
"459.65","0.004638671875"
"459.75","0.00439453125"
"459.85","0.0048828125"
"459.95","0.005615234375"
"460.05","0.00537109375"
"460.15","0.00439453125"
"460.25","0.004638671875"
"460.35","0.004638671875"
"460.45","0.004638671875"
"460.55","0.005126953125"
"460.65","0.005126953125"
"460.75","0.0048828125"
"460.85","0.004638671875"
"460.95","0.00439453125"
"461.05","0.00439453125"
"461.15","0.004638671875"
"461.25","0.00537109375"
"461.35","0.00537109375"
"461.45","0.004638671875"
"461.55","0.00439453125"
"461.65","0.00439453125"
"461.75","0.00439453125"
"461.85","0.004638671875"
"461.95","0.005615234375"
"462.05","0.005126953125"
"462.15","0.004638671875"
"462.25","0.004638671875"
"462.35","0.004638671875"
"462.45","0.00439453125"
"462.55","0.005126953125"
"462.65","0.005615234375"
"462.75","0.00537109375"
"462.85","0.004638671875"
"462.95","0.00439453125"
"463.05","0.004638671875"
"463.15","0.004638671875"
"463.25","0.0048828125"
"463.35","0.005615234375"
"463.45","0.005126953125"
"463.55","0.004638671875"
"463.65","0.00439453125"
"463.75","0.00439453125"
"463.85","0.00439453125"
"463.95","0.00537109375"
"464.05","0.00537109375"
"464.15","0.0048828125"
"464.25","0.004638671875"
"464.35","0.00439453125"
"464.45","0.004638671875"
"464.55","0.004638671875"
"464.65","0.00537109375"
"464.75","0.00537109375"
"464.85","0.0048828125"
"464.95","0.004638671875"
"465.05","0.004638671875"
"465.15","0.004638671875"
"465.25","0.004638671875"
"465.35","0.005615234375"
"465.45","0.00537109375"
"465.55","0.0048828125"
"465.65","0.004638671875"
"465.75","0.004638671875"
"465.85","0.00439453125"
"465.95","0.004638671875"
"466.05","0.005615234375"
"466.15","0.00537109375"
"466.25","0.0048828125"
"466.35","0.004638671875"
"466.45","0.004638671875"
"466.55","0.004638671875"
"466.65","0.004638671875"
"466.75","0.005126953125"
"466.85","0.00537109375"
"466.95","0.0048828125"
"467.05","0.004638671875"
"467.15","0.00439453125"
"467.25","0.004638671875"
"467.35","0.0048828125"
"467.45","0.005615234375"
"467.55","0.005126953125"
"467.65","0.004638671875"
"467.75","0.004638671875"
"467.85","0.004638671875"
"467.95","0.00439453125"
"468.05","0.0048828125"
"468.15","0.005615234375"
"468.25","0.00537109375"
"468.35","0.004638671875"
"468.45","0.004638671875"
"468.55","0.00439453125"
"468.65","0.00439453125"
"468.75","0.004638671875"
"468.85","0.005615234375"
"468.95","0.00537109375"
"469.05","0.004638671875"
"469.15","0.00439453125"
"469.25","0.00439453125"
"469.35","0.004638671875"
"469.45","0.0048828125"
"469.55","0.005615234375"
"469.65","0.005126953125"
"469.75","0.004638671875"
"469.85","0.00439453125"
"469.95","0.00439453125"
"470.05","0.004638671875"
"470.15","0.005615234375"
"470.25","0.00537109375"
"470.35","0.004638671875"
"470.45","0.004638671875"
"470.55","0.004638671875"
"470.65","0.004638671875"
"470.75","0.004638671875"
"470.85","0.005615234375"
"470.95","0.00537109375"
"471.05","0.0048828125"
"471.15","0.00439453125"
"471.25","0.004638671875"
"471.35","0.00439453125"
"471.45","0.0048828125"
"471.55","0.00537109375"
"471.65","0.00537109375"
"471.75","0.0048828125"
"471.85","0.004638671875"
"471.95","0.004638671875"
"472.05","0.00439453125"
"472.15","0.0048828125"
"472.25","0.00537109375"
"472.35","0.00537109375"
"472.45","0.004638671875"
"472.55","0.004638671875"
"472.65","0.004638671875"
"472.75","0.00439453125"
"472.85","0.005126953125"
"472.95","0.00537109375"
"473.05","0.0048828125"
"473.15","0.0048828125"
"473.25","0.00439453125"
"473.35","0.004638671875"
"473.45","0.004638671875"
"473.55","0.005126953125"
"473.65","0.00537109375"
"473.75","0.005126953125"
"473.85","0.004638671875"
"473.95","0.004638671875"
"474.05","0.00439453125"
"474.15","0.004638671875"
"474.25","0.005126953125"
"474.35","0.00537109375"
"474.45","0.0048828125"
"474.55","0.004638671875"
"474.65","0.004638671875"
"474.75","0.004638671875"
"474.85","0.004638671875"
"474.95","0.00537109375"
"475.05","0.00537109375"
"475.15","0.0048828125"
"475.25","0.004638671875"
"475.35","0.004638671875"
"475.45","0.004638671875"
"475.55","0.004638671875"
"475.65","0.00537109375"
"475.75","0.005126953125"
"475.85","0.004638671875"
"475.95","0.00439453125"
"476.05","0.004638671875"
"476.15","0.004638671875"
"476.25","0.0048828125"
"476.35","0.00537109375"
"476.45","0.005126953125"
"476.55","0.0048828125"
"476.65","0.00439453125"
"476.75","0.004638671875"
"476.85","0.004638671875"
"476.95","0.0048828125"
"477.05","0.005615234375"
"477.15","0.005126953125"
"477.25","0.004638671875"
"477.35","0.004638671875"
"477.45","0.00439453125"
"477.55","0.004638671875"
"477.65","0.005126953125"
"477.75","0.005615234375"
"477.85","0.0048828125"
"477.95","0.004638671875"
"478.05","0.004638671875"
"478.15","0.004638671875"
"478.25","0.004638671875"
"478.35","0.005126953125"
"478.45","0.00537109375"
"478.55","0.0048828125"
"478.65","0.004638671875"
"478.75","0.004638671875"
"478.85","0.004638671875"
"478.95","0.00439453125"
"479.05","0.00537109375"
"479.15","0.005126953125"
"479.25","0.0048828125"
"479.35","0.00439453125"
"479.45","0.004638671875"
"479.55","0.004638671875"
"479.65","0.004638671875"
"479.75","0.00537109375"
"479.85","0.00537109375"
"479.95","0.004638671875"
"480.05","0.004638671875"
"480.15","0.004638671875"
"480.25","0.004638671875"
"480.35","0.0048828125"
"480.45","0.005615234375"
"480.55","0.00537109375"
"480.65","0.0048828125"
"480.75","0.004638671875"
"480.85","0.00439453125"
"480.95","0.004638671875"
"481.05","0.005126953125"
"481.15","0.005615234375"
"481.25","0.00537109375"
"481.35","0.004638671875"
"481.45","0.004638671875"
"481.55","0.00439453125"
"481.65","0.004638671875"
"481.75","0.005615234375"
"481.85","0.00537109375"
"481.95","0.0048828125"
"482.05","0.004638671875"
"482.15","0.00439453125"
"482.25","0.004638671875"
"482.35","0.0048828125"
"482.45","0.005615234375"
"482.55","0.005126953125"
"482.65","0.0048828125"
"482.75","0.00439453125"
"482.85","0.00439453125"
"482.95","0.0048828125"
"483.05","0.004638671875"
"483.15","0.005615234375"
"483.25","0.005126953125"
"483.35","0.004638671875"
"483.45","0.00439453125"
"483.55","0.00439453125"
"483.65","0.004638671875"
"483.75","0.00537109375"
"483.85","0.00537109375"
"483.95","0.0048828125"
"484.05","0.004638671875"
"484.15","0.00439453125"
"484.25","0.00439453125"
"484.35","0.004638671875"
"484.45","0.00537109375"
"484.55","0.005126953125"
"484.65","0.0048828125"
"484.75","0.004638671875"
"484.85","0.00439453125"
"484.95","0.004638671875"
"485.05","0.0048828125"
"485.15","0.005615234375"
"485.25","0.005126953125"
"485.35","0.004638671875"
"485.45","0.004638671875"
"485.55","0.00439453125"
"485.65","0.00439453125"
"485.75","0.005126953125"
"485.85","0.005615234375"
"485.95","0.005126953125"
"486.05","0.0048828125"
"486.15","0.00439453125"
"486.25","0.004638671875"
"486.35","0.00439453125"
"486.45","0.00537109375"
"486.55","0.00537109375"
"486.65","0.005126953125"
"486.75","0.004638671875"
"486.85","0.00439453125"
"486.95","0.004638671875"
"487.05","0.004638671875"
"487.15","0.00537109375"
"487.25","0.00537109375"
"487.35","0.0048828125"
"487.45","0.004638671875"
"487.55","0.004638671875"
"487.65","0.004638671875"
"487.75","0.004638671875"
"487.85","0.00537109375"
"487.95","0.00537109375"
"488.05","0.004638671875"
"488.15","0.004638671875"
"488.25","0.004638671875"
"488.35","0.00439453125"
"488.45","0.0048828125"
"488.55","0.00537109375"
"488.65","0.005126953125"
"488.75","0.00439453125"
"488.85","0.004638671875"
"488.95","0.004638671875"
"489.05","0.00439453125"
"489.15","0.005615234375"
"489.25","0.005615234375"
"489.35","0.004638671875"
"489.45","0.004638671875"
"489.55","0.00439453125"
"489.65","0.004638671875"
"489.75","0.0048828125"
"489.85","0.005615234375"
"489.95","0.00537109375"
"490.05","0.0048828125"
"490.15","0.00439453125"
"490.25","0.0048828125"
"490.35","0.004638671875"
"490.45","0.005126953125"
"490.55","0.005615234375"
"490.65","0.005126953125"
"490.75","0.004638671875"
"490.85","0.004638671875"
"490.95","0.004638671875"
"491.05","0.004638671875"
"491.15","0.005126953125"
"491.25","0.00537109375"
"491.35","0.004638671875"
"491.45","0.004638671875"
"491.55","0.004638671875"
"491.65","0.00439453125"
"491.75","0.004638671875"
"491.85","0.00537109375"
"491.95","0.00537109375"
"492.05","0.0048828125"
"492.15","0.004638671875"
"492.25","0.004638671875"
"492.35","0.00439453125"
"492.45","0.0048828125"
"492.55","0.00537109375"
"492.65","0.005615234375"
"492.75","0.004638671875"
"492.85","0.00439453125"
"492.95","0.004638671875"
"493.05","0.004638671875"
"493.15","0.005126953125"
"493.25","0.00537109375"
"493.35","0.005126953125"
"493.45","0.004638671875"
"493.55","0.004638671875"
"493.65","0.004638671875"
"493.75","0.00439453125"
"493.85","0.00537109375"
"493.95","0.00537109375"
"494.05","0.0048828125"
"494.15","0.004638671875"
"494.25","0.00439453125"
"494.35","0.004638671875"
"494.45","0.0048828125"
"494.55","0.00537109375"
"494.65","0.00537109375"
"494.75","0.004638671875"
"494.85","0.00439453125"
"494.95","0.004638671875"
"495.05","0.00439453125"
"495.15","0.005126953125"
"495.25","0.00537109375"
"495.35","0.0048828125"
"495.45","0.004638671875"
"495.55","0.004638671875"
"495.65","0.004638671875"
"495.75","0.004638671875"
"495.85","0.00537109375"
"495.95","0.005615234375"
"496.05","0.0048828125"
"496.15","0.004638671875"
"496.25","0.00439453125"
"496.35","0.004638671875"
"496.45","0.0048828125"
"496.55","0.00537109375"
"496.65","0.00537109375"
"496.75","0.004638671875"
"496.85","0.004638671875"
"496.95","0.00439453125"
"497.05","0.004638671875"
"497.15","0.0048828125"
"497.25","0.005615234375"
"497.35","0.00537109375"
"497.45","0.004638671875"
"497.55","0.004638671875"
"497.65","0.004638671875"
"497.75","0.0048828125"
"497.85","0.00537109375"
"497.95","0.005615234375"
"498.05","0.005126953125"
"498.15","0.004638671875"
"498.25","0.00439453125"
"498.35","0.00439453125"
"498.45","0.00439453125"
"498.55","0.00537109375"
"498.65","0.00537109375"
"498.75","0.0048828125"
"498.85","0.004638671875"
"498.95","0.004638671875"
"499.05","0.004638671875"
"499.15","0.0048828125"
"499.25","0.00537109375"
"499.35","0.00537109375"
"499.45","0.0048828125"
"499.55","0.00439453125"
"499.65","0.004638671875"
"499.75","0.004638671875"
"499.85","0.005126953125"
"499.95","0.005615234375"
"500.05","0.005126953125"
"500.15","0.0048828125"
"500.25","0.00439453125"
"500.35","0.00439453125"
"500.45","0.00439453125"
"500.55","0.005126953125"
"500.65","0.00537109375"
"500.75","0.005126953125"
"500.85","0.004638671875"
"500.95","0.004638671875"
"501.05","0.00439453125"
"501.15","0.004638671875"
"501.25","0.00537109375"
"501.35","0.005615234375"
"501.45","0.0048828125"
"501.55","0.004638671875"
"501.65","0.004638671875"
"501.75","0.004638671875"
"501.85","0.0048828125"
"501.95","0.005615234375"
"502.05","0.005126953125"
"502.15","0.004638671875"
"502.25","0.004638671875"
"502.35","0.004638671875"
"502.45","0.00439453125"
"502.55","0.005126953125"
"502.65","0.00537109375"
"502.75","0.00537109375"
"502.85","0.004638671875"
"502.95","0.004638671875"
"503.05","0.00439453125"
"503.15","0.004638671875"
"503.25","0.005126953125"
"503.35","0.00537109375"
"503.45","0.0048828125"
"503.55","0.004638671875"
"503.65","0.00439453125"
"503.75","0.00439453125"
"503.85","0.004638671875"
"503.95","0.00537109375"
"504.05","0.00537109375"
"504.15","0.0048828125"
"504.25","0.00439453125"
"504.35","0.004638671875"
"504.45","0.00439453125"
"504.55","0.0048828125"
"504.65","0.005615234375"
"504.75","0.00537109375"
"504.85","0.0048828125"
"504.95","0.00439453125"
"505.05","0.00439453125"
"505.15","0.00439453125"
"505.25","0.0048828125"
"505.35","0.005615234375"
"505.45","0.00537109375"
"505.55","0.0048828125"
"505.65","0.00439453125"
"505.75","0.004638671875"
"505.85","0.004638671875"
"505.95","0.0048828125"
"506.05","0.005615234375"
"506.15","0.005126953125"
"506.25","0.00439453125"
"506.35","0.004638671875"
"506.45","0.004638671875"
"506.55","0.004638671875"
"506.65","0.005126953125"
"506.75","0.00537109375"
"506.85","0.0048828125"
"506.95","0.004638671875"
"507.05","0.004638671875"
"507.15","0.004638671875"
"507.25","0.004638671875"
"507.35","0.00537109375"
"507.45","0.00537109375"
"507.55","0.0048828125"
"507.65","0.004638671875"
"507.75","0.004638671875"
"507.85","0.004638671875"
"507.95","0.0048828125"
"508.05","0.00537109375"
"508.15","0.005126953125"
"508.25","0.0048828125"
"508.35","0.004638671875"
"508.45","0.00439453125"
"508.55","0.00439453125"
"508.65","0.0048828125"
"508.75","0.00537109375"
"508.85","0.00537109375"
"508.95","0.004638671875"
"509.05","0.004638671875"
"509.15","0.004638671875"
"509.25","0.00439453125"
"509.35","0.0048828125"
"509.45","0.005615234375"
"509.55","0.005126953125"
"509.65","0.004638671875"
"509.75","0.004638671875"
"509.85","0.004638671875"
"509.95","0.004638671875"
"510.05","0.005126953125"
"510.15","0.005615234375"
"510.25","0.00537109375"
"510.35","0.004638671875"
"510.45","0.004638671875"
"510.55","0.00439453125"
"510.65","0.004638671875"
"510.75","0.00537109375"
"510.85","0.00537109375"
"510.95","0.004638671875"
"511.05","0.00439453125"
"511.15","0.004638671875"
"511.25","0.00439453125"
"511.35","0.004638671875"
"511.45","0.005615234375"
"511.55","0.00537109375"
"511.65","0.0048828125"
"511.75","0.004638671875"
"511.85","0.004638671875"
"511.95","0.004638671875"
"512.05","0.00439453125"
"512.15","0.005126953125"
"512.25","0.005126953125"
"512.35","0.0048828125"
"512.45","0.004638671875"
"512.55","0.004638671875"
"512.65","0.00439453125"
"512.75","0.004638671875"
"512.85","0.005126953125"
"512.95","0.00537109375"
"513.05","0.0048828125"
"513.15","0.00439453125"
"513.25","0.004638671875"
"513.35","0.004638671875"
"513.45","0.005126953125"
"513.55","0.00537109375"
"513.65","0.00537109375"
"513.75","0.004638671875"
"513.85","0.00439453125"
"513.95","0.004638671875"
"514.05","0.00439453125"
"514.15","0.005126953125"
"514.25","0.005615234375"
"514.35","0.005126953125"
"514.45","0.004638671875"
"514.55","0.004638671875"
"514.65","0.00439453125"
"514.75","0.004638671875"
"514.85","0.00537109375"
"514.95","0.00537109375"
"515.05","0.005126953125"
"515.15","0.00439453125"
"515.25","0.004638671875"
"515.35","0.004638671875"
"515.45","0.004638671875"
"515.55","0.00537109375"
"515.65","0.00537109375"
"515.75","0.0048828125"
"515.85","0.004638671875"
"515.95","0.004638671875"
"516.05","0.00439453125"
"516.15","0.004638671875"
"516.25","0.00537109375"
"516.35","0.005126953125"
"516.45","0.004638671875"
"516.55","0.00439453125"
"516.65","0.004638671875"
"516.75","0.004638671875"
"516.85","0.00537109375"
"516.95","0.005615234375"
"517.05","0.00537109375"
"517.15","0.004638671875"
"517.25","0.00439453125"
"517.35","0.00439453125"
"517.45","0.00439453125"
"517.55","0.0048828125"
"517.65","0.005126953125"
"517.75","0.0048828125"
"517.85","0.00439453125"
"517.95","0.00439453125"
"518.05","0.004638671875"
"518.15","0.004638671875"
"518.25","0.00537109375"
"518.35","0.00537109375"
"518.45","0.0048828125"
"518.55","0.004638671875"
"518.65","0.004638671875"
"518.75","0.00439453125"
"518.85","0.0048828125"
"518.95","0.00537109375"
"519.05","0.005126953125"
"519.15","0.0048828125"
"519.25","0.004638671875"
"519.35","0.00439453125"
"519.45","0.00439453125"
"519.55","0.004638671875"
"519.65","0.005615234375"
"519.75","0.005126953125"
"519.85","0.00439453125"
"519.95","0.004638671875"
"520.05","0.0048828125"
"520.15","0.00439453125"
"520.25","0.0048828125"
"520.35","0.005615234375"
"520.45","0.00537109375"
"520.55","0.004638671875"
"520.65","0.0048828125"
"520.75","0.004638671875"
"520.85","0.004638671875"
"520.95","0.005126953125"
"521.05","0.00537109375"
"521.15","0.005126953125"
"521.25","0.004638671875"
"521.35","0.00439453125"
"521.45","0.00439453125"
"521.55","0.004638671875"
"521.65","0.005126953125"
"521.75","0.005126953125"
"521.85","0.005126953125"
"521.95","0.00439453125"
"522.05","0.004638671875"
"522.15","0.004638671875"
"522.25","0.004638671875"
"522.35","0.00537109375"
"522.45","0.00537109375"
"522.55","0.0048828125"
"522.65","0.004638671875"
"522.75","0.004638671875"
"522.85","0.004638671875"
"522.95","0.004638671875"
"523.05","0.00537109375"
"523.15","0.00537109375"
"523.25","0.004638671875"
"523.35","0.004638671875"
"523.45","0.004638671875"
"523.55","0.004638671875"
"523.65","0.0048828125"
"523.75","0.005615234375"
"523.85","0.005126953125"
"523.95","0.004638671875"
"524.05","0.004638671875"
"524.15","0.004638671875"
"524.25","0.004638671875"
"524.35","0.0048828125"
"524.45","0.00537109375"
"524.55","0.005126953125"
"524.65","0.0048828125"
"524.75","0.004638671875"
"524.85","0.00439453125"
"524.95","0.004638671875"
"525.05","0.00537109375"
"525.15","0.00537109375"
"525.25","0.0048828125"
"525.35","0.0048828125"
"525.45","0.00439453125"
"525.55","0.00439453125"
"525.65","0.004638671875"
"525.75","0.005615234375"
"525.85","0.00537109375"
"525.95","0.004638671875"
"526.05","0.00439453125"
"526.15","0.004638671875"
"526.25","0.004638671875"
"526.35","0.005126953125"
"526.45","0.005126953125"
"526.55","0.005126953125"
"526.65","0.004638671875"
"526.75","0.004638671875"
"526.85","0.004638671875"
"526.95","0.004638671875"
"527.05","0.005126953125"
"527.15","0.005859375"
"527.25","0.005126953125"
"527.35","0.004638671875"
"527.45","0.004638671875"
"527.55","0.004638671875"
"527.65","0.004638671875"
"527.75","0.00537109375"
"527.85","0.00537109375"
"527.95","0.0048828125"
"528.05","0.004638671875"
"528.15","0.004638671875"
"528.25","0.004638671875"
"528.35","0.004638671875"
"528.45","0.00537109375"
"528.55","0.00537109375"
"528.65","0.0048828125"
"528.75","0.004150390625"
"528.85","0.004638671875"
"528.95","0.00439453125"
"529.05","0.0048828125"
"529.15","0.00537109375"
"529.25","0.005126953125"
"529.35","0.0048828125"
"529.45","0.00439453125"
"529.55","0.004638671875"
"529.65","0.00439453125"
"529.75","0.0048828125"
"529.85","0.005615234375"
"529.95","0.00537109375"
"530.05","0.004638671875"
"530.15","0.004638671875"
"530.25","0.004638671875"
"530.35","0.004638671875"
"530.45","0.005126953125"
"530.55","0.005615234375"
"530.65","0.005126953125"
"530.75","0.00439453125"
"530.85","0.004638671875"
"530.95","0.004638671875"
"531.05","0.004638671875"
"531.15","0.00537109375"
"531.25","0.005615234375"
"531.35","0.005126953125"
"531.45","0.004638671875"
"531.55","0.004638671875"
"531.65","0.004638671875"
"531.75","0.00439453125"
"531.85","0.00537109375"
"531.95","0.00537109375"
"532.05","0.0048828125"
"532.15","0.004638671875"
"532.25","0.00439453125"
"532.35","0.004638671875"
"532.45","0.00439453125"
"532.55","0.005615234375"
"532.65","0.00537109375"
"532.75","0.0048828125"
"532.85","0.004638671875"
"532.95","0.004638671875"
"533.05","0.004638671875"
"533.15","0.004638671875"
"533.25","0.00537109375"
"533.35","0.005615234375"
"533.45","0.0048828125"
"533.55","0.004638671875"
"533.65","0.004638671875"
"533.75","0.004638671875"
"533.85","0.0048828125"
"533.95","0.005615234375"
"534.05","0.005126953125"
"534.15","0.004638671875"
"534.25","0.004638671875"
"534.35","0.004638671875"
"534.45","0.004638671875"
"534.55","0.004638671875"
"534.65","0.005615234375"
"534.75","0.00537109375"
"534.85","0.00439453125"
"534.95","0.004638671875"
"535.05","0.004638671875"
"535.15","0.004638671875"
"535.25","0.0048828125"
"535.35","0.00537109375"
"535.45","0.005126953125"
"535.55","0.0048828125"
"535.65","0.004638671875"
"535.75","0.00439453125"
"535.85","0.004638671875"
"535.95","0.005126953125"
"536.05","0.005615234375"
"536.15","0.00537109375"
"536.25","0.004638671875"
"536.35","0.004638671875"
"536.45","0.004638671875"
"536.55","0.00439453125"
"536.65","0.0048828125"
"536.75","0.005615234375"
"536.85","0.005126953125"
"536.95","0.0048828125"
"537.05","0.004638671875"
"537.15","0.004638671875"
"537.25","0.004638671875"
"537.35","0.005126953125"
"537.45","0.00537109375"
"537.55","0.0048828125"
"537.65","0.004638671875"
"537.75","0.004638671875"
"537.85","0.004638671875"
"537.95","0.004638671875"
"538.05","0.005126953125"
"538.15","0.005126953125"
"538.25","0.005126953125"
"538.35","0.004638671875"
"538.45","0.004638671875"
"538.55","0.004638671875"
"538.65","0.004150390625"
"538.75","0.00537109375"
"538.85","0.005615234375"
"538.95","0.005126953125"
"539.05","0.004638671875"
"539.15","0.004638671875"
"539.25","0.004638671875"
"539.35","0.004638671875"
"539.45","0.00537109375"
"539.55","0.005126953125"
"539.65","0.0048828125"
"539.75","0.004638671875"
"539.85","0.004638671875"
"539.95","0.004638671875"
"540.05","0.004638671875"
"540.15","0.005615234375"
"540.25","0.00537109375"
"540.35","0.0048828125"
"540.45","0.00439453125"
"540.55","0.004638671875"
"540.65","0.004638671875"
"540.75","0.0048828125"
"540.85","0.00537109375"
"540.95","0.005126953125"
"541.05","0.0048828125"
"541.15","0.004638671875"
"541.25","0.00439453125"
"541.35","0.00439453125"
"541.45","0.0048828125"
"541.55","0.005615234375"
"541.65","0.00537109375"
"541.75","0.004638671875"
"541.85","0.004638671875"
"541.95","0.004638671875"
"542.05","0.004638671875"
"542.15","0.005126953125"
"542.25","0.00537109375"
"542.35","0.005126953125"
"542.45","0.004638671875"
"542.55","0.00439453125"
"542.65","0.004638671875"
"542.75","0.004638671875"
"542.85","0.005615234375"
"542.95","0.00537109375"
"543.05","0.00537109375"
"543.15","0.005126953125"
"543.25","0.005615234375"
"543.35","0.005859375"
"543.45","0.006591796875"
"543.55","0.00830078125"
"543.65","0.0087890625"
"543.75","0.009033203125"
"543.85","0.0087890625"
"543.95","0.010009765625"
"544.05","0.010498046875"
"544.15","0.01123046875"
"544.25","0.012451171875"
"544.35","0.01123046875"
"544.45","0.009765625"
"544.55","0.009033203125"
"544.65","0.00732421875"
"544.75","0.0068359375"
"544.85","0.006591796875"
"544.95","0.0068359375"
"545.05","0.006103515625"
"545.15","0.00537109375"
"545.25","0.0048828125"
"545.35","0.0048828125"
"545.45","0.004638671875"
"545.55","0.004638671875"
"545.65","0.00537109375"
"545.75","0.005126953125"
"545.85","0.004638671875"
"545.95","0.00439453125"
"546.05","0.004638671875"
"546.15","0.00439453125"
"546.25","0.004638671875"
"546.35","0.005615234375"
"546.45","0.005126953125"
"546.55","0.0048828125"
"546.65","0.004638671875"
"546.75","0.004638671875"
"546.85","0.004638671875"
"546.95","0.004638671875"
"547.05","0.00537109375"
"547.15","0.005126953125"
"547.25","0.004638671875"
"547.35","0.00439453125"
"547.45","0.00439453125"
"547.55","0.004638671875"
"547.65","0.0048828125"
"547.75","0.005615234375"
"547.85","0.00537109375"
"547.95","0.004638671875"
"548.05","0.004638671875"
"548.15","0.00439453125"
"548.25","0.00439453125"
"548.35","0.0048828125"
"548.45","0.005615234375"
"548.55","0.005126953125"
"548.65","0.004638671875"
"548.75","0.004638671875"
"548.85","0.0048828125"
"548.95","0.00439453125"
"549.05","0.004638671875"
"549.15","0.00537109375"
"549.25","0.0048828125"
"549.35","0.0048828125"
"549.45","0.00439453125"
"549.55","0.004638671875"
"549.65","0.00439453125"
"549.75","0.005126953125"
"549.85","0.00537109375"
"549.95","0.00537109375"
"550.05","0.0048828125"
"550.15","0.004638671875"
"550.25","0.004638671875"
"550.35","0.00439453125"
"550.45","0.0048828125"
"550.55","0.005615234375"
"550.65","0.00537109375"
"550.75","0.00439453125"
"550.85","0.00439453125"
"550.95","0.004638671875"
"551.05","0.004638671875"
"551.15","0.004638671875"
"551.25","0.00537109375"
"551.35","0.005126953125"
"551.45","0.0048828125"
"551.55","0.004638671875"
"551.65","0.004638671875"
"551.75","0.00439453125"
"551.85","0.0048828125"
"551.95","0.005126953125"
"552.05","0.00537109375"
"552.15","0.004638671875"
"552.25","0.004638671875"
"552.35","0.004638671875"
"552.45","0.004638671875"
"552.55","0.005126953125"
"552.65","0.00537109375"
"552.75","0.005126953125"
"552.85","0.004638671875"
"552.95","0.00439453125"
"553.05","0.004638671875"
"553.15","0.00439453125"
"553.25","0.00537109375"
"553.35","0.00537109375"
"553.45","0.005126953125"
"553.55","0.004638671875"
"553.65","0.004638671875"
"553.75","0.004638671875"
"553.85","0.004638671875"
"553.95","0.00537109375"
"554.05","0.00537109375"
"554.15","0.005126953125"
"554.25","0.00439453125"
"554.35","0.004638671875"
"554.45","0.004638671875"
"554.55","0.004638671875"
"554.65","0.00537109375"
"554.75","0.00537109375"
"554.85","0.0048828125"
"554.95","0.004638671875"
"555.05","0.004638671875"
"555.15","0.00439453125"
"555.25","0.004638671875"
"555.35","0.005615234375"
"555.45","0.00537109375"
"555.55","0.004638671875"
"555.65","0.004638671875"
"555.75","0.004638671875"
"555.85","0.00439453125"
"555.95","0.004638671875"
"556.05","0.005615234375"
"556.15","0.005126953125"
"556.25","0.004638671875"
"556.35","0.004638671875"
"556.45","0.004638671875"
"556.55","0.004638671875"
"556.65","0.0048828125"
"556.75","0.00537109375"
"556.85","0.0048828125"
"556.95","0.00439453125"
"557.05","0.00439453125"
"557.15","0.004638671875"
"557.25","0.004638671875"
"557.35","0.005126953125"
"557.45","0.00537109375"
"557.55","0.0048828125"
"557.65","0.004638671875"
"557.75","0.004638671875"
"557.85","0.004638671875"
"557.95","0.00439453125"
"558.05","0.00537109375"
"558.15","0.00537109375"
"558.25","0.0048828125"
"558.35","0.004638671875"
"558.45","0.004638671875"
"558.55","0.004638671875"
"558.65","0.00439453125"
"558.75","0.005615234375"
"558.85","0.005126953125"
"558.95","0.005126953125"
"559.05","0.00439453125"
"559.15","0.004638671875"
"559.25","0.004638671875"
"559.35","0.004638671875"
"559.45","0.00537109375"
"559.55","0.00537109375"
"559.65","0.0048828125"
"559.75","0.004638671875"
"559.85","0.004638671875"
"559.95","0.004638671875"
"560.05","0.0048828125"
"560.15","0.00537109375"
"560.25","0.005126953125"
"560.35","0.004638671875"
"560.45","0.004638671875"
"560.55","0.004638671875"
"560.65","0.004638671875"
"560.75","0.0048828125"
"560.85","0.00537109375"
"560.95","0.00537109375"
"561.05","0.004638671875"
"561.15","0.004638671875"
"561.25","0.004638671875"
"561.35","0.004638671875"
"561.45","0.004638671875"
"561.55","0.00537109375"
"561.65","0.005126953125"
"561.75","0.00439453125"
"561.85","0.00439453125"
"561.95","0.004638671875"
"562.05","0.004638671875"
"562.15","0.005126953125"
"562.25","0.00537109375"
"562.35","0.005126953125"
"562.45","0.004638671875"
"562.55","0.00439453125"
"562.65","0.00439453125"
"562.75","0.004638671875"
"562.85","0.005126953125"
"562.95","0.005615234375"
"563.05","0.0048828125"
"563.15","0.004638671875"
"563.25","0.004638671875"
"563.35","0.004638671875"
"563.45","0.004638671875"
"563.55","0.005126953125"
"563.65","0.00537109375"
"563.75","0.00537109375"
"563.85","0.004638671875"
"563.95","0.004638671875"
"564.05","0.004638671875"
"564.15","0.004638671875"
"564.25","0.005126953125"
"564.35","0.00537109375"
"564.45","0.005126953125"
"564.55","0.00439453125"
"564.65","0.004638671875"
"564.75","0.004638671875"
"564.85","0.004638671875"
"564.95","0.005126953125"
"565.05","0.00537109375"
"565.15","0.0048828125"
"565.25","0.0048828125"
"565.35","0.004638671875"
"565.45","0.00439453125"
"565.55","0.004638671875"
"565.65","0.00537109375"
"565.75","0.00537109375"
"565.85","0.004638671875"
"565.95","0.004638671875"
"566.05","0.004638671875"
"566.15","0.00439453125"
"566.25","0.0048828125"
"566.35","0.00537109375"
"566.45","0.005126953125"
"566.55","0.00439453125"
"566.65","0.004638671875"
"566.75","0.004638671875"
"566.85","0.004638671875"
"566.95","0.005126953125"
"567.05","0.005615234375"
"567.15","0.0048828125"
"567.25","0.004638671875"
"567.35","0.004638671875"
"567.45","0.004638671875"
"567.55","0.00439453125"
"567.65","0.0048828125"
"567.75","0.005126953125"
"567.85","0.00537109375"
"567.95","0.004638671875"
"568.05","0.004638671875"
"568.15","0.004638671875"
"568.25","0.00439453125"
"568.35","0.005126953125"
"568.45","0.005615234375"
"568.55","0.0048828125"
"568.65","0.0048828125"
"568.75","0.004638671875"
"568.85","0.0048828125"
"568.95","0.00439453125"
"569.05","0.00537109375"
"569.15","0.00537109375"
"569.25","0.0048828125"
"569.35","0.004638671875"
"569.45","0.004638671875"
"569.55","0.00439453125"
"569.65","0.004638671875"
"569.75","0.00537109375"
"569.85","0.00537109375"
"569.95","0.0048828125"
"570.05","0.00439453125"
"570.15","0.00439453125"
"570.25","0.0048828125"
"570.35","0.004638671875"
"570.45","0.00537109375"
"570.55","0.00537109375"
"570.65","0.00439453125"
"570.75","0.004638671875"
"570.85","0.004638671875"
"570.95","0.00439453125"
"571.05","0.0048828125"
"571.15","0.00537109375"
"571.25","0.005126953125"
"571.35","0.00439453125"
"571.45","0.004638671875"
"571.55","0.00439453125"
"571.65","0.004638671875"
"571.75","0.005126953125"
"571.85","0.00537109375"
"571.95","0.005126953125"
"572.05","0.0048828125"
"572.15","0.00439453125"
"572.25","0.004638671875"
"572.35","0.00439453125"
"572.45","0.005126953125"
"572.55","0.005126953125"
"572.65","0.005126953125"
"572.75","0.004638671875"
"572.85","0.004638671875"
"572.95","0.004638671875"
"573.05","0.004638671875"
"573.15","0.00537109375"
"573.25","0.00537109375"
"573.35","0.005126953125"
"573.45","0.0048828125"
"573.55","0.004638671875"
"573.65","0.004638671875"
"573.75","0.004638671875"
"573.85","0.005126953125"
"573.95","0.00537109375"
"574.05","0.0048828125"
"574.15","0.004638671875"
"574.25","0.004638671875"
"574.35","0.0048828125"
"574.45","0.0048828125"
"574.55","0.005615234375"
"574.65","0.005859375"
"574.75","0.00537109375"
"574.85","0.005126953125"
"574.95","0.00537109375"
"575.05","0.005126953125"
"575.15","0.00537109375"
"575.25","0.00634765625"
"575.35","0.006103515625"
"575.45","0.005615234375"
"575.55","0.005126953125"
"575.65","0.0048828125"
"575.75","0.0048828125"
"575.85","0.0048828125"
"575.95","0.005615234375"
"576.05","0.00537109375"
"576.15","0.005126953125"
"576.25","0.0048828125"
"576.35","0.0048828125"
"576.45","0.004638671875"
"576.55","0.005126953125"
"576.65","0.006103515625"
"576.75","0.005859375"
"576.85","0.005126953125"
"576.95","0.005126953125"
"577.05","0.005615234375"
"577.15","0.00537109375"
"577.25","0.005859375"
"577.35","0.00634765625"
"577.45","0.005859375"
"577.55","0.005126953125"
"577.65","0.005126953125"
"577.75","0.0048828125"
"577.85","0.0048828125"
"577.95","0.005615234375"
"578.05","0.005615234375"
"578.15","0.00537109375"
"578.25","0.0048828125"
"578.35","0.004638671875"
"578.45","0.004150390625"
"578.55","0.004638671875"
"578.65","0.00537109375"
"578.75","0.00537109375"
"578.85","0.004638671875"
"578.95","0.004638671875"
"579.05","0.00439453125"
"579.15","0.00439453125"
"579.25","0.0048828125"
"579.35","0.00537109375"
"579.45","0.00537109375"
"579.55","0.0048828125"
"579.65","0.00439453125"
"579.75","0.0048828125"
"579.85","0.00439453125"
"579.95","0.0048828125"
"580.05","0.00537109375"
"580.15","0.005126953125"
"580.25","0.0048828125"
"580.35","0.00439453125"
"580.45","0.004638671875"
"580.55","0.004638671875"
"580.65","0.004638671875"
"580.75","0.00537109375"
"580.85","0.005126953125"
"580.95","0.004638671875"
"581.05","0.004638671875"
"581.15","0.004638671875"
"581.25","0.004638671875"
"581.35","0.0048828125"
"581.45","0.00537109375"
"581.55","0.00537109375"
"581.65","0.004638671875"
"581.75","0.004638671875"
"581.85","0.004638671875"
"581.95","0.004638671875"
"582.05","0.0048828125"
"582.15","0.005859375"
"582.25","0.00537109375"
"582.35","0.004638671875"
"582.45","0.004638671875"
"582.55","0.004638671875"
"582.65","0.004638671875"
"582.75","0.00537109375"
"582.85","0.00537109375"
"582.95","0.005126953125"
"583.05","0.004638671875"
"583.15","0.004638671875"
"583.25","0.004638671875"
"583.35","0.00439453125"
"583.45","0.00537109375"
"583.55","0.00537109375"
"583.65","0.005126953125"
"583.75","0.00439453125"
"583.85","0.004638671875"
"583.95","0.00439453125"
"584.05","0.00439453125"
"584.15","0.005126953125"
"584.25","0.005615234375"
"584.35","0.0048828125"
"584.45","0.004638671875"
"584.55","0.004638671875"
"584.65","0.004638671875"
"584.75","0.004638671875"
"584.85","0.00537109375"
"584.95","0.00537109375"
"585.05","0.0048828125"
"585.15","0.004638671875"
"585.25","0.004638671875"
"585.35","0.00439453125"
"585.45","0.0048828125"
"585.55","0.005615234375"
"585.65","0.005126953125"
"585.75","0.004638671875"
"585.85","0.004638671875"
"585.95","0.004638671875"
"586.05","0.004638671875"
"586.15","0.005126953125"
"586.25","0.00537109375"
"586.35","0.005126953125"
"586.45","0.004638671875"
"586.55","0.0048828125"
"586.65","0.004638671875"
"586.75","0.00439453125"
"586.85","0.0048828125"
"586.95","0.00537109375"
"587.05","0.0048828125"
"587.15","0.0048828125"
"587.25","0.004638671875"
"587.35","0.004638671875"
"587.45","0.004638671875"
"587.55","0.00537109375"
"587.65","0.00537109375"
"587.75","0.0048828125"
"587.85","0.004638671875"
"587.95","0.00439453125"
"588.05","0.004638671875"
"588.15","0.0048828125"
"588.25","0.00537109375"
"588.35","0.00537109375"
"588.45","0.0048828125"
"588.55","0.00439453125"
"588.65","0.00439453125"
"588.75","0.00439453125"
"588.85","0.004638671875"
"588.95","0.005615234375"
"589.05","0.00537109375"
"589.15","0.0048828125"
"589.25","0.004638671875"
"589.35","0.00439453125"
"589.45","0.004638671875"
"589.55","0.004638671875"
"589.65","0.00537109375"
"589.75","0.00537109375"
"589.85","0.0048828125"
"589.95","0.004638671875"
"590.05","0.004638671875"
"590.15","0.004638671875"
"590.25","0.0048828125"
"590.35","0.00537109375"
"590.45","0.005126953125"
"590.55","0.0048828125"
"590.65","0.004638671875"
"590.75","0.00439453125"
"590.85","0.00439453125"
"590.95","0.005126953125"
"591.05","0.00537109375"
"591.15","0.005126953125"
"591.25","0.00439453125"
"591.35","0.00439453125"
"591.45","0.0048828125"
"591.55","0.004638671875"
"591.65","0.005126953125"
"591.75","0.005615234375"
"591.85","0.005126953125"
"591.95","0.004150390625"
"592.05","0.00439453125"
"592.15","0.004638671875"
"592.25","0.004638671875"
"592.35","0.00537109375"
"592.45","0.005126953125"
"592.55","0.0048828125"
"592.65","0.00439453125"
"592.75","0.004638671875"
"592.85","0.004638671875"
"592.95","0.004638671875"
"593.05","0.00537109375"
"593.15","0.00537109375"
"593.25","0.0048828125"
"593.35","0.00439453125"
"593.45","0.004638671875"
"593.55","0.004638671875"
"593.65","0.004638671875"
"593.75","0.00537109375"
"593.85","0.00537109375"
"593.95","0.0048828125"
"594.05","0.004638671875"
"594.15","0.00439453125"
"594.25","0.004638671875"
"594.35","0.0048828125"
"594.45","0.005615234375"
"594.55","0.00537109375"
"594.65","0.004638671875"
"594.75","0.00439453125"
"594.85","0.004638671875"
"594.95","0.004638671875"
"595.05","0.0048828125"
"595.15","0.005615234375"
"595.25","0.005126953125"
"595.35","0.0048828125"
"595.45","0.004638671875"
"595.55","0.004638671875"
"595.65","0.004638671875"
"595.75","0.0048828125"
"595.85","0.00537109375"
"595.95","0.005126953125"
"596.05","0.004638671875"
"596.15","0.00439453125"
"596.25","0.004638671875"
"596.35","0.004638671875"
"596.45","0.005126953125"
"596.55","0.00537109375"
"596.65","0.0048828125"
"596.75","0.004638671875"
"596.85","0.004638671875"
"596.95","0.004638671875"
"597.05","0.004638671875"
"597.15","0.0048828125"
"597.25","0.005615234375"
"597.35","0.00537109375"
"597.45","0.004638671875"
"597.55","0.00439453125"
"597.65","0.00439453125"
"597.75","0.004638671875"
"597.85","0.00537109375"
"597.95","0.005615234375"
"598.05","0.005126953125"
"598.15","0.004638671875"
"598.25","0.004638671875"
"598.35","0.004638671875"
"598.45","0.004638671875"
"598.55","0.005126953125"
"598.65","0.00537109375"
"598.75","0.0048828125"
"598.85","0.004638671875"
"598.95","0.004638671875"
"599.05","0.00439453125"
"599.15","0.004638671875"
"599.25","0.00537109375"
"599.35","0.00537109375"
"599.45","0.0048828125"
"599.55","0.004638671875"
"599.65","0.004638671875"
"599.75","0.004638671875"
"599.85","0.004638671875"
"599.95","0.00537109375"
"600.05","0.005126953125"
"600.15","0.0048828125"
"600.25","0.004638671875"
"600.35","0.004638671875"
"600.45","0.004638671875"
"600.55","0.004638671875"
"600.65","0.00537109375"
"600.75","0.00537109375"
"600.85","0.0048828125"
"600.95","0.004638671875"
"601.05","0.00439453125"
"601.15","0.004638671875"
"601.25","0.004638671875"
"601.35","0.00537109375"
"601.45","0.00537109375"
"601.55","0.0048828125"
"601.65","0.00439453125"
"601.75","0.00439453125"
"601.85","0.004638671875"
"601.95","0.00439453125"
"602.05","0.005126953125"
"602.15","0.005126953125"
"602.25","0.0048828125"
"602.35","0.004638671875"
"602.45","0.00439453125"
"602.55","0.004638671875"
"602.65","0.004638671875"
"602.75","0.00537109375"
"602.85","0.00537109375"
"602.95","0.0048828125"
"603.05","0.004638671875"
"603.15","0.004638671875"
"603.25","0.00439453125"
"603.35","0.0048828125"
"603.45","0.00537109375"
"603.55","0.005126953125"
"603.65","0.0048828125"
"603.75","0.004638671875"
"603.85","0.00439453125"
"603.95","0.004638671875"
"604.05","0.0048828125"
"604.15","0.005615234375"
"604.25","0.005126953125"
"604.35","0.0048828125"
"604.45","0.004638671875"
"604.55","0.004638671875"
"604.65","0.00439453125"
"604.75","0.0048828125"
"604.85","0.00537109375"
"604.95","0.00537109375"
"605.05","0.004638671875"
"605.15","0.004638671875"
"605.25","0.004638671875"
"605.35","0.004638671875"
"605.45","0.005126953125"
"605.55","0.00537109375"
"605.65","0.005126953125"
"605.75","0.004638671875"
"605.85","0.00439453125"
"605.95","0.004638671875"
"606.05","0.00439453125"
"606.15","0.005126953125"
"606.25","0.005615234375"
"606.35","0.00537109375"
"606.45","0.004638671875"
"606.55","0.004150390625"
"606.65","0.004638671875"
"606.75","0.004638671875"
"606.85","0.005126953125"
"606.95","0.005615234375"
"607.05","0.005126953125"
"607.15","0.00439453125"
"607.25","0.004638671875"
"607.35","0.004638671875"
"607.45","0.004638671875"
"607.55","0.005126953125"
"607.65","0.00537109375"
"607.75","0.0048828125"
"607.85","0.004638671875"
"607.95","0.004638671875"
"608.05","0.004638671875"
"608.15","0.004638671875"
"608.25","0.005615234375"
"608.35","0.005126953125"
"608.45","0.0048828125"
"608.55","0.004638671875"
"608.65","0.004638671875"
"608.75","0.00439453125"
"608.85","0.004638671875"
"608.95","0.00537109375"
"609.05","0.00537109375"
"609.15","0.004638671875"
"609.25","0.004638671875"
"609.35","0.004638671875"
"609.45","0.004638671875"
"609.55","0.004638671875"
"609.65","0.00537109375"
"609.75","0.005126953125"
"609.85","0.005126953125"
"609.95","0.004638671875"
"610.05","0.004638671875"
"610.15","0.00439453125"
"610.25","0.0048828125"
"610.35","0.00537109375"
"610.45","0.00537109375"
"610.55","0.004638671875"
"610.65","0.004638671875"
"610.75","0.0048828125"
"610.85","0.004638671875"
"610.95","0.005126953125"
"611.05","0.00537109375"
"611.15","0.005126953125"
"611.25","0.004638671875"
"611.35","0.004638671875"
"611.45","0.00439453125"
"611.55","0.004638671875"
"611.65","0.005126953125"
"611.75","0.005615234375"
"611.85","0.005126953125"
"611.95","0.0048828125"
"612.05","0.00439453125"
"612.15","0.004638671875"
"612.25","0.004638671875"
"612.35","0.0048828125"
"612.45","0.00537109375"
"612.55","0.00537109375"
"612.65","0.004638671875"
"612.75","0.004638671875"
"612.85","0.004638671875"
"612.95","0.004638671875"
"613.05","0.0048828125"
"613.15","0.00537109375"
"613.25","0.005126953125"
"613.35","0.0048828125"
"613.45","0.004638671875"
"613.55","0.0048828125"
"613.65","0.00439453125"
"613.75","0.005126953125"
"613.85","0.005615234375"
"613.95","0.0048828125"
"614.05","0.00439453125"
"614.15","0.004638671875"
"614.25","0.00439453125"
"614.35","0.00439453125"
"614.45","0.005615234375"
"614.55","0.005615234375"
"614.65","0.0048828125"
"614.75","0.004638671875"
"614.85","0.004638671875"
"614.95","0.00439453125"
"615.05","0.004638671875"
"615.15","0.00537109375"
"615.25","0.00537109375"
"615.35","0.004638671875"
"615.45","0.004638671875"
"615.55","0.00439453125"
"615.65","0.004638671875"
"615.75","0.004638671875"
"615.85","0.005615234375"
"615.95","0.00537109375"
"616.05","0.0048828125"
"616.15","0.004638671875"
"616.25","0.004638671875"
"616.35","0.00439453125"
"616.45","0.005126953125"
"616.55","0.005615234375"
"616.65","0.005126953125"
"616.75","0.00439453125"
"616.85","0.004638671875"
"616.95","0.00439453125"
"617.05","0.004638671875"
"617.15","0.005126953125"
"617.25","0.005615234375"
"617.35","0.005126953125"
"617.45","0.00439453125"
"617.55","0.00439453125"
"617.65","0.00439453125"
"617.75","0.0048828125"
"617.85","0.005126953125"
"617.95","0.005615234375"
"618.05","0.005126953125"
"618.15","0.004638671875"
"618.25","0.0048828125"
"618.35","0.004638671875"
"618.45","0.004638671875"
"618.55","0.00537109375"
"618.65","0.00537109375"
"618.75","0.005126953125"
"618.85","0.004638671875"
"618.95","0.004638671875"
"619.05","0.004638671875"
"619.15","0.004638671875"
"619.25","0.00537109375"
"619.35","0.00537109375"
"619.45","0.005126953125"
"619.55","0.004150390625"
"619.65","0.004638671875"
"619.75","0.004638671875"
"619.85","0.004638671875"
"619.95","0.005615234375"
"620.05","0.00537109375"
"620.15","0.0048828125"
"620.25","0.00439453125"
"620.35","0.0048828125"
"620.45","0.00439453125"
"620.55","0.0048828125"
"620.65","0.00537109375"
"620.75","0.005126953125"
"620.85","0.0048828125"
"620.95","0.004638671875"
"621.05","0.004638671875"
"621.15","0.004638671875"
"621.25","0.005126953125"
"621.35","0.005615234375"
"621.45","0.00537109375"
"621.55","0.0048828125"
"621.65","0.004638671875"
"621.75","0.004638671875"
"621.85","0.00439453125"
"621.95","0.005126953125"
"622.05","0.005615234375"
"622.15","0.005126953125"
"622.25","0.004638671875"
"622.35","0.004638671875"
"622.45","0.004638671875"
"622.55","0.004638671875"
"622.65","0.00537109375"
"622.75","0.00537109375"
"622.85","0.0048828125"
"622.95","0.004638671875"
"623.05","0.004638671875"
"623.15","0.00439453125"
"623.25","0.0048828125"
"623.35","0.00537109375"
"623.45","0.00537109375"
"623.55","0.004638671875"
"623.65","0.004638671875"
"623.75","0.004638671875"
"623.85","0.00439453125"
"623.95","0.0048828125"
"624.05","0.005615234375"
"624.15","0.005126953125"
"624.25","0.004638671875"
"624.35","0.00439453125"
"624.45","0.004638671875"
"624.55","0.004638671875"
"624.65","0.0048828125"
"624.75","0.00537109375"
"624.85","0.005126953125"
"624.95","0.00439453125"
"625.05","0.004638671875"
"625.15","0.004638671875"
"625.25","0.004638671875"
"625.35","0.0048828125"
"625.45","0.005615234375"
"625.55","0.005126953125"
"625.65","0.00439453125"
"625.75","0.00439453125"
"625.85","0.00439453125"
"625.95","0.004638671875"
"626.05","0.005126953125"
"626.15","0.00537109375"
"626.25","0.0048828125"
"626.35","0.004638671875"
"626.45","0.004638671875"
"626.55","0.004638671875"
"626.65","0.0048828125"
"626.75","0.005615234375"
"626.85","0.005126953125"
"626.95","0.004638671875"
"627.05","0.00439453125"
"627.15","0.004638671875"
"627.25","0.004638671875"
"627.35","0.005126953125"
"627.45","0.00537109375"
"627.55","0.005126953125"
"627.65","0.004638671875"
"627.75","0.004638671875"
"627.85","0.004638671875"
"627.95","0.004638671875"
"628.05","0.00537109375"
"628.15","0.00537109375"
"628.25","0.0048828125"
"628.35","0.004638671875"
"628.45","0.004638671875"
"628.55","0.004638671875"
"628.65","0.004638671875"
"628.75","0.00537109375"
"628.85","0.00537109375"
"628.95","0.004638671875"
"629.05","0.004638671875"
"629.15","0.0048828125"
"629.25","0.004638671875"
"629.35","0.004638671875"
"629.45","0.00537109375"
"629.55","0.005126953125"
"629.65","0.004638671875"
"629.75","0.00439453125"
"629.85","0.00439453125"
"629.95","0.00439453125"
"630.05","0.005126953125"
"630.15","0.005126953125"
"630.25","0.0048828125"
"630.35","0.004638671875"
"630.45","0.00439453125"
"630.55","0.004638671875"
"630.65","0.004638671875"
"630.75","0.00537109375"
"630.85","0.00537109375"
"630.95","0.005126953125"
"631.05","0.004638671875"
"631.15","0.004638671875"
"631.25","0.004638671875"
"631.35","0.00439453125"
"631.45","0.00537109375"
"631.55","0.00537109375"
"631.65","0.004638671875"
"631.75","0.004638671875"
"631.85","0.004638671875"
"631.95","0.004638671875"
"632.05","0.0048828125"
"632.15","0.00537109375"
"632.25","0.00537109375"
"632.35","0.0048828125"
"632.45","0.00439453125"
"632.55","0.00439453125"
"632.65","0.004638671875"
"632.75","0.0048828125"
"632.85","0.005615234375"
"632.95","0.005126953125"
"633.05","0.0048828125"
"633.15","0.00439453125"
"633.25","0.00439453125"
"633.35","0.00439453125"
"633.45","0.0048828125"
"633.55","0.00537109375"
"633.65","0.00537109375"
"633.75","0.004638671875"
"633.85","0.00439453125"
"633.95","0.004638671875"
"634.05","0.004638671875"
"634.15","0.00537109375"
"634.25","0.00537109375"
"634.35","0.005126953125"
"634.45","0.004638671875"
"634.55","0.004638671875"
"634.65","0.00439453125"
"634.75","0.004638671875"
"634.85","0.00537109375"
"634.95","0.00537109375"
"635.05","0.0048828125"
"635.15","0.0048828125"
"635.25","0.00439453125"
"635.35","0.004638671875"
"635.45","0.0048828125"
"635.55","0.005615234375"
"635.65","0.005126953125"
"635.75","0.004638671875"
"635.85","0.004638671875"
"635.95","0.004638671875"
"636.05","0.0048828125"
"636.15","0.005126953125"
"636.25","0.005615234375"
"636.35","0.005126953125"
"636.45","0.004638671875"
"636.55","0.00439453125"
"636.65","0.00439453125"
"636.75","0.004638671875"
"636.85","0.0048828125"
"636.95","0.005615234375"
"637.05","0.005126953125"
"637.15","0.00439453125"
"637.25","0.004638671875"
"637.35","0.004638671875"
"637.45","0.004638671875"
"637.55","0.005126953125"
"637.65","0.00537109375"
"637.75","0.005126953125"
"637.85","0.004638671875"
"637.95","0.004638671875"
"638.05","0.004638671875"
"638.15","0.004638671875"
"638.25","0.005615234375"
"638.35","0.00537109375"
"638.45","0.005126953125"
"638.55","0.004638671875"
"638.65","0.004638671875"
"638.75","0.00439453125"
"638.85","0.004638671875"
"638.95","0.00537109375"
"639.05","0.005126953125"
"639.15","0.0048828125"
"639.25","0.00439453125"
"639.35","0.00439453125"
"639.45","0.00439453125"
"639.55","0.0048828125"
"639.65","0.005615234375"
"639.75","0.00537109375"
"639.85","0.0048828125"
"639.95","0.004638671875"
"640.05","0.004638671875"
"640.15","0.004638671875"
"640.25","0.0048828125"
"640.35","0.00537109375"
"640.45","0.005126953125"
"640.55","0.004638671875"
"640.65","0.004638671875"
"640.75","0.004638671875"
"640.85","0.004638671875"
"640.95","0.00537109375"
"641.05","0.00537109375"
"641.15","0.0048828125"
"641.25","0.004638671875"
"641.35","0.00439453125"
"641.45","0.00439453125"
"641.55","0.004638671875"
"641.65","0.00537109375"
"641.75","0.00537109375"
"641.85","0.0048828125"
"641.95","0.004638671875"
"642.05","0.004638671875"
"642.15","0.004638671875"
"642.25","0.0048828125"
"642.35","0.005615234375"
"642.45","0.005126953125"
"642.55","0.004638671875"
"642.65","0.004638671875"
"642.75","0.00439453125"
"642.85","0.004638671875"
"642.95","0.005126953125"
"643.05","0.00537109375"
"643.15","0.005126953125"
"643.25","0.004638671875"
"643.35","0.00439453125"
"643.45","0.004638671875"
"643.55","0.00439453125"
"643.65","0.00537109375"
"643.75","0.00537109375"
"643.85","0.0048828125"
"643.95","0.004638671875"
"644.05","0.00439453125"
"644.15","0.004638671875"
"644.25","0.0048828125"
"644.35","0.00537109375"
"644.45","0.005126953125"
"644.55","0.0048828125"
"644.65","0.004638671875"
"644.75","0.00439453125"
"644.85","0.0048828125"
"644.95","0.004638671875"
"645.05","0.005615234375"
"645.15","0.0048828125"
"645.25","0.0048828125"
"645.35","0.00439453125"
"645.45","0.004638671875"
"645.55","0.00439453125"
"645.65","0.004638671875"
"645.75","0.00537109375"
"645.85","0.005126953125"
"645.95","0.004638671875"
"646.05","0.0048828125"
"646.15","0.004638671875"
"646.25","0.004638671875"
"646.35","0.005126953125"
"646.45","0.00537109375"
"646.55","0.005126953125"
"646.65","0.00439453125"
"646.75","0.0048828125"
"646.85","0.004638671875"
"646.95","0.004638671875"
"647.05","0.00537109375"
"647.15","0.00537109375"
"647.25","0.005126953125"
"647.35","0.004638671875"
"647.45","0.00439453125"
"647.55","0.004638671875"
"647.65","0.00439453125"
"647.75","0.00537109375"
"647.85","0.005615234375"
"647.95","0.0048828125"
"648.05","0.00439453125"
"648.15","0.004638671875"
"648.25","0.00439453125"
"648.35","0.0048828125"
"648.45","0.00537109375"
"648.55","0.00537109375"
"648.65","0.0048828125"
"648.75","0.00439453125"
"648.85","0.004638671875"
"648.95","0.004638671875"
"649.05","0.0048828125"
"649.15","0.00537109375"
"649.25","0.005126953125"
"649.35","0.00439453125"
"649.45","0.00439453125"
"649.55","0.004638671875"
"649.65","0.004638671875"
"649.75","0.005126953125"
"649.85","0.00537109375"
"649.95","0.005126953125"
"650.05","0.004638671875"
"650.15","0.0048828125"
"650.25","0.004638671875"
"650.35","0.00439453125"
"650.45","0.00537109375"
"650.55","0.00537109375"
"650.65","0.005126953125"
"650.75","0.0048828125"
"650.85","0.004638671875"
"650.95","0.004638671875"
"651.05","0.004638671875"
"651.15","0.005615234375"
"651.25","0.005126953125"
"651.35","0.0048828125"
"651.45","0.00439453125"
"651.55","0.004638671875"
"651.65","0.004150390625"
"651.75","0.005126953125"
"651.85","0.00537109375"
"651.95","0.00537109375"
"652.05","0.004638671875"
"652.15","0.004638671875"
"652.25","0.004638671875"
"652.35","0.00439453125"
"652.45","0.005126953125"
"652.55","0.00537109375"
"652.65","0.0048828125"
"652.75","0.004638671875"
"652.85","0.004638671875"
"652.95","0.00439453125"
"653.05","0.0048828125"
"653.15","0.00537109375"
"653.25","0.00537109375"
"653.35","0.0048828125"
"653.45","0.004638671875"
"653.55","0.00439453125"
"653.65","0.004638671875"
"653.75","0.0048828125"
"653.85","0.005126953125"
"653.95","0.00537109375"
"654.05","0.004638671875"
"654.15","0.00439453125"
"654.25","0.004638671875"
"654.35","0.00439453125"
"654.45","0.005126953125"
"654.55","0.005615234375"
"654.65","0.005126953125"
"654.75","0.004638671875"
"654.85","0.004638671875"
"654.95","0.004638671875"
"655.05","0.004638671875"
"655.15","0.00537109375"
"655.25","0.005615234375"
"655.35","0.005126953125"
"655.45","0.004638671875"
"655.55","0.0048828125"
"655.65","0.0048828125"
"655.75","0.0048828125"
"655.85","0.00537109375"
"655.95","0.00537109375"
"656.05","0.0048828125"
"656.15","0.004638671875"
"656.25","0.00439453125"
"656.35","0.00439453125"
"656.45","0.005126953125"
"656.55","0.005615234375"
"656.65","0.00537109375"
"656.75","0.004638671875"
"656.85","0.004638671875"
"656.95","0.004638671875"
"657.05","0.004638671875"
"657.15","0.005126953125"
"657.25","0.00537109375"
"657.35","0.005126953125"
"657.45","0.004638671875"
"657.55","0.004638671875"
"657.65","0.004638671875"
"657.75","0.004638671875"
"657.85","0.005615234375"
"657.95","0.005615234375"
"658.05","0.0048828125"
"658.15","0.00439453125"
"658.25","0.004638671875"
"658.35","0.004638671875"
"658.45","0.004638671875"
"658.55","0.00537109375"
"658.65","0.00537109375"
"658.75","0.004638671875"
"658.85","0.00439453125"
"658.95","0.004638671875"
"659.05","0.004638671875"
"659.15","0.0048828125"
"659.25","0.00537109375"
"659.35","0.005126953125"
"659.45","0.004638671875"
"659.55","0.004638671875"
"659.65","0.004638671875"
"659.75","0.004638671875"
"659.85","0.00537109375"
"659.95","0.005615234375"
"660.05","0.0048828125"
"660.15","0.00439453125"
"660.25","0.004638671875"
"660.35","0.00439453125"
"660.45","0.00439453125"
"660.55","0.00537109375"
"660.65","0.00537109375"
"660.75","0.0048828125"
"660.85","0.004638671875"
"660.95","0.00439453125"
"661.05","0.00439453125"
"661.15","0.004638671875"
"661.25","0.00537109375"
"661.35","0.005126953125"
"661.45","0.004638671875"
"661.55","0.004638671875"
"661.65","0.00439453125"
"661.75","0.004638671875"
"661.85","0.005126953125"
"661.95","0.005615234375"
"662.05","0.005126953125"
"662.15","0.004638671875"
"662.25","0.00439453125"
"662.35","0.004638671875"
"662.45","0.004638671875"
"662.55","0.005126953125"
"662.65","0.00537109375"
"662.75","0.005126953125"
"662.85","0.004638671875"
"662.95","0.004638671875"
"663.05","0.004638671875"
"663.15","0.00439453125"
"663.25","0.00537109375"
"663.35","0.00537109375"
"663.45","0.0048828125"
"663.55","0.00439453125"
"663.65","0.004638671875"
"663.75","0.00439453125"
"663.85","0.004638671875"
"663.95","0.00537109375"
"664.05","0.00537109375"
"664.15","0.004638671875"
"664.25","0.004638671875"
"664.35","0.004638671875"
"664.45","0.0048828125"
"664.55","0.0048828125"
"664.65","0.005615234375"
"664.75","0.00537109375"
"664.85","0.004638671875"
"664.95","0.004638671875"
"665.05","0.004638671875"
"665.15","0.00439453125"
"665.25","0.0048828125"
"665.35","0.005615234375"
"665.45","0.005126953125"
"665.55","0.00439453125"
"665.65","0.004638671875"
"665.75","0.004638671875"
"665.85","0.00439453125"
"665.95","0.005126953125"
"666.05","0.005615234375"
"666.15","0.005126953125"
"666.25","0.004638671875"
"666.35","0.00439453125"
"666.45","0.004638671875"
"666.55","0.00439453125"
"666.65","0.005615234375"
"666.75","0.00537109375"
"666.85","0.0048828125"
"666.95","0.004638671875"
"667.05","0.004638671875"
"667.15","0.004638671875"
"667.25","0.0048828125"
"667.35","0.005615234375"
"667.45","0.00537109375"
"667.55","0.0048828125"
"667.65","0.004638671875"
"667.75","0.00439453125"
"667.85","0.004638671875"
"667.95","0.005126953125"
"668.05","0.005615234375"
"668.15","0.005126953125"
"668.25","0.004638671875"
"668.35","0.004638671875"
"668.45","0.004638671875"
"668.55","0.004638671875"
"668.65","0.00537109375"
"668.75","0.00537109375"
"668.85","0.004638671875"
"668.95","0.004638671875"
"669.05","0.004638671875"
"669.15","0.004638671875"
"669.25","0.0048828125"
"669.35","0.005615234375"
"669.45","0.0048828125"
"669.55","0.004638671875"
"669.65","0.004638671875"
"669.75","0.004638671875"
"669.85","0.004638671875"
"669.95","0.0048828125"
"670.05","0.005615234375"
"670.15","0.005126953125"
"670.25","0.00439453125"
"670.35","0.0048828125"
"670.45","0.004638671875"
"670.55","0.004638671875"
"670.65","0.00537109375"
"670.75","0.00537109375"
"670.85","0.0048828125"
"670.95","0.004638671875"
"671.05","0.004638671875"
"671.15","0.00439453125"
"671.25","0.0048828125"
"671.35","0.005615234375"
"671.45","0.00537109375"
"671.55","0.0048828125"
"671.65","0.00439453125"
"671.75","0.004638671875"
"671.85","0.004638671875"
"671.95","0.005126953125"
"672.05","0.00537109375"
"672.15","0.005126953125"
"672.25","0.004638671875"
"672.35","0.004638671875"
"672.45","0.004638671875"
"672.55","0.004638671875"
"672.65","0.0048828125"
"672.75","0.00537109375"
"672.85","0.005126953125"
"672.95","0.004638671875"
"673.05","0.004638671875"
"673.15","0.004638671875"
"673.25","0.004638671875"
"673.35","0.00537109375"
"673.45","0.00537109375"
"673.55","0.005126953125"
"673.65","0.004638671875"
"673.75","0.004638671875"
"673.85","0.004638671875"
"673.95","0.0048828125"
"674.05","0.005615234375"
"674.15","0.005126953125"
"674.25","0.004638671875"
"674.35","0.004638671875"
"674.45","0.004638671875"
"674.55","0.0048828125"
"674.65","0.005126953125"
"674.75","0.005615234375"
"674.85","0.005126953125"
"674.95","0.004638671875"
"675.05","0.004638671875"
"675.15","0.004638671875"
"675.25","0.004638671875"
"675.35","0.00537109375"
"675.45","0.005615234375"
"675.55","0.0048828125"
"675.65","0.004638671875"
"675.75","0.004638671875"
"675.85","0.00439453125"
"675.95","0.0048828125"
"676.05","0.00537109375"
"676.15","0.00537109375"
"676.25","0.0048828125"
"676.35","0.004638671875"
"676.45","0.00439453125"
"676.55","0.00439453125"
"676.65","0.0048828125"
"676.75","0.00537109375"
"676.85","0.00537109375"
"676.95","0.004638671875"
"677.05","0.0048828125"
"677.15","0.004638671875"
"677.25","0.004638671875"
"677.35","0.005126953125"
"677.45","0.00537109375"
"677.55","0.005126953125"
"677.65","0.004638671875"
"677.75","0.00439453125"
"677.85","0.004638671875"
"677.95","0.00439453125"
"678.05","0.0048828125"
"678.15","0.00537109375"
"678.25","0.005126953125"
"678.35","0.004638671875"
"678.45","0.004638671875"
"678.55","0.00439453125"
"678.65","0.004638671875"
"678.75","0.00537109375"
"678.85","0.00537109375"
"678.95","0.0048828125"
"679.05","0.004638671875"
"679.15","0.004638671875"
"679.25","0.004638671875"
"679.35","0.004638671875"
"679.45","0.005615234375"
"679.55","0.005615234375"
"679.65","0.0048828125"
"679.75","0.004638671875"
"679.85","0.004638671875"
"679.95","0.004638671875"
"680.05","0.0048828125"
"680.15","0.00537109375"
"680.25","0.00537109375"
"680.35","0.00439453125"
"680.45","0.004638671875"
"680.55","0.004638671875"
"680.65","0.004150390625"
"680.75","0.0048828125"
"680.85","0.005615234375"
"680.95","0.00537109375"
"681.05","0.004638671875"
"681.15","0.00439453125"
"681.25","0.00439453125"
"681.35","0.004638671875"
"681.45","0.0048828125"
"681.55","0.005615234375"
"681.65","0.005126953125"
"681.75","0.004638671875"
"681.85","0.00439453125"
"681.95","0.0048828125"
"682.05","0.004638671875"
"682.15","0.005126953125"
"682.25","0.00537109375"
"682.35","0.0048828125"
"682.45","0.0048828125"
"682.55","0.004638671875"
"682.65","0.00439453125"
"682.75","0.004638671875"
"682.85","0.00537109375"
"682.95","0.005126953125"
"683.05","0.0048828125"
"683.15","0.00439453125"
"683.25","0.004638671875"
"683.35","0.004638671875"
"683.45","0.004638671875"
"683.55","0.00537109375"
"683.65","0.00537109375"
"683.75","0.004638671875"
"683.85","0.004638671875"
"683.95","0.0048828125"
"684.05","0.00439453125"
"684.15","0.0048828125"
"684.25","0.005615234375"
"684.35","0.005126953125"
"684.45","0.00439453125"
"684.55","0.004638671875"
"684.65","0.004638671875"
"684.75","0.00439453125"
"684.85","0.00537109375"
"684.95","0.005126953125"
"685.05","0.004638671875"
"685.15","0.004638671875"
"685.25","0.004638671875"
"685.35","0.004638671875"
"685.45","0.004638671875"
"685.55","0.005615234375"
"685.65","0.00537109375"
"685.75","0.004638671875"
"685.85","0.004638671875"
"685.95","0.004638671875"
"686.05","0.004638671875"
"686.15","0.005126953125"
"686.25","0.00537109375"
"686.35","0.005126953125"
"686.45","0.004638671875"
"686.55","0.004638671875"
"686.65","0.004638671875"
"686.75","0.004638671875"
"686.85","0.0048828125"
"686.95","0.005126953125"
"687.05","0.005126953125"
"687.15","0.00439453125"
"687.25","0.0048828125"
"687.35","0.004638671875"
"687.45","0.004638671875"
"687.55","0.005615234375"
"687.65","0.00537109375"
"687.75","0.0048828125"
"687.85","0.00439453125"
"687.95","0.00439453125"
"688.05","0.004638671875"
"688.15","0.004638671875"
"688.25","0.005615234375"
"688.35","0.00537109375"
"688.45","0.004638671875"
"688.55","0.00439453125"
"688.65","0.004638671875"
"688.75","0.004638671875"
"688.85","0.005126953125"
"688.95","0.00537109375"
"689.05","0.0048828125"
"689.15","0.004638671875"
"689.25","0.00439453125"
"689.35","0.00439453125"
"689.45","0.004638671875"
"689.55","0.005615234375"
"689.65","0.005126953125"
"689.75","0.005126953125"
"689.85","0.004638671875"
"689.95","0.004638671875"
"690.05","0.004638671875"
"690.15","0.0048828125"
"690.25","0.005615234375"
"690.35","0.00537109375"
"690.45","0.004638671875"
"690.55","0.00439453125"
"690.65","0.004638671875"
"690.75","0.004638671875"
"690.85","0.005126953125"
"690.95","0.005615234375"
"691.05","0.005126953125"
"691.15","0.004638671875"
"691.25","0.004638671875"
"691.35","0.00439453125"
"691.45","0.004638671875"
"691.55","0.00537109375"
"691.65","0.00537109375"
"691.75","0.004638671875"
"691.85","0.004638671875"
"691.95","0.004638671875"
"692.05","0.004638671875"
"692.15","0.0048828125"
"692.25","0.00537109375"
"692.35","0.00537109375"
"692.45","0.004638671875"
"692.55","0.00439453125"
"692.65","0.004638671875"
"692.75","0.004638671875"
"692.85","0.005126953125"
"692.95","0.00537109375"
"693.05","0.005126953125"
"693.15","0.004638671875"
"693.25","0.004638671875"
"693.35","0.00439453125"
"693.45","0.004638671875"
"693.55","0.00537109375"
"693.65","0.00537109375"
"693.75","0.0048828125"
"693.85","0.004638671875"
"693.95","0.00439453125"
"694.05","0.004638671875"
"694.15","0.0048828125"
"694.25","0.005615234375"
"694.35","0.00537109375"
"694.45","0.0048828125"
"694.55","0.004638671875"
"694.65","0.00439453125"
"694.75","0.004638671875"
"694.85","0.004638671875"
"694.95","0.00537109375"
"695.05","0.005126953125"
"695.15","0.004638671875"
"695.25","0.004638671875"
"695.35","0.0048828125"
"695.45","0.004638671875"
"695.55","0.00537109375"
"695.65","0.00537109375"
"695.75","0.005126953125"
"695.85","0.00439453125"
"695.95","0.004638671875"
"696.05","0.004638671875"
"696.15","0.00439453125"
"696.25","0.005126953125"
"696.35","0.00537109375"
"696.45","0.005126953125"
"696.55","0.00439453125"
"696.65","0.004638671875"
"696.75","0.00439453125"
"696.85","0.0048828125"
"696.95","0.005615234375"
"697.05","0.005126953125"
"697.15","0.0048828125"
"697.25","0.00439453125"
"697.35","0.00439453125"
"697.45","0.0048828125"
"697.55","0.005126953125"
"697.65","0.005615234375"
"697.75","0.00537109375"
"697.85","0.00439453125"
"697.95","0.00439453125"
"698.05","0.00439453125"
"698.15","0.00439453125"
"698.25","0.00537109375"
"698.35","0.005126953125"
"698.45","0.005126953125"
"698.55","0.004638671875"
"698.65","0.004638671875"
"698.75","0.004638671875"
"698.85","0.004638671875"
"698.95","0.005615234375"
"699.05","0.00537109375"
"699.15","0.0048828125"
"699.25","0.004638671875"
"699.35","0.004638671875"
"699.45","0.004638671875"
"699.55","0.0048828125"
"699.65","0.00537109375"
"699.75","0.005126953125"
"699.85","0.004638671875"
"699.95","0.004638671875"